m,scenario,effect,segment_length,split_fraction,n_left,n_right,total_length,detector,population_gain,expected_gain_total,mean_raw_gain,mean_score,sd_score,critical_value,null_rate_zero_threshold,power_zero_threshold,power_calibrated,shift_accuracy,n_alt,n_null,alpha,optimizer_failures,seed,pattern_000,pattern_001,pattern_010,pattern_011,pattern_100,pattern_101,pattern_110,pattern_111
2,exact_orbit,0.08,100,0.5,100,100,200,full,0.0031897890480961505,0.6379578096192301,0.9884103101796565,-0.9676011925344169,1.061591419489456,-0.2527529448832806,0.039,0.182,0.198,,500,1000,0.05,0,3044794407,358,43,0,0,0,0,19,80
2,exact_orbit,0.08,100,0.5,100,100,200,fundamental,0.003189789048096192,0.6379578096192384,0.9884103101798075,-0.967601192534266,1.0615914194894585,-0.2527529448830532,0.039,0.182,0.198,,500,1000,0.05,0,3044794407,358,43,0,0,0,0,19,80
2,exact_orbit,0.08,100,0.5,100,100,200,shared_orbit,0.003189789048096192,0.6379578096192384,0.5420766201436092,0.5420766201436092,1.2065543522885047,1.1224385493489137,0.275,0.628,0.246,1.0,500,1000,0.05,0,3044794407,358,43,0,0,0,0,19,80
2,exact_orbit,0.08,200,0.5,200,200,400,full,0.0031897890480961505,1.2759156192384602,1.6144281657922672,-0.6881569272017781,1.631004198588389,-0.46103960025420543,0.035,0.268,0.342,,500,1000,0.05,0,770266979,283,46,0,0,0,0,13,158
2,exact_orbit,0.08,200,0.5,200,200,400,fundamental,0.003189789048096192,1.2759156192384769,1.6144281657922332,-0.6881569272018119,1.631004198588373,-0.4610396002540349,0.035,0.268,0.342,,500,1000,0.05,0,770266979,283,46,0,0,0,0,13,158
2,exact_orbit,0.08,200,0.5,200,200,400,shared_orbit,0.003189789048096192,1.2759156192384769,1.0788494915967834,1.0788494915967834,1.8228612523642067,1.1013418308936025,0.212,0.678,0.408,1.0,500,1000,0.05,0,770266979,283,46,0,0,0,0,13,158
2,exact_orbit,0.08,400,0.5,400,400,800,full,0.0031897890480961505,2.5518312384769204,2.905667123215599,0.2565084399415806,2.203670959531863,-0.6791975226623577,0.017,0.466,0.568,,500,1000,0.05,0,175126754,105,111,0,0,0,0,11,273
2,exact_orbit,0.08,400,0.5,400,400,800,fundamental,0.003189789048096192,2.5518312384769537,2.9056671232155065,0.2565084399414881,2.2036709595318436,-0.6791975226621303,0.017,0.466,0.568,,500,1000,0.05,0,175126754,105,111,0,0,0,0,11,273
2,exact_orbit,0.08,400,0.5,400,400,800,shared_orbit,0.003189789048096192,2.5518312384769537,2.39576780940018,2.39576780940018,2.348161873408345,0.6305916498906754,0.091,0.87,0.768,1.0,500,1000,0.05,0,175126754,105,111,0,0,0,0,11,273
2,exact_orbit,0.08,800,0.5,800,800,1600,full,0.0031897890480961505,5.103662476953841,5.531805565546031,2.536073291992041,3.221097729844643,-1.1735767379609077,0.015,0.774,0.906,,500,1000,0.05,0,2499228671,4,43,0,0,0,0,2,451
2,exact_orbit,0.08,800,0.5,800,800,1600,fundamental,0.003189789048096192,5.103662476953907,5.53180556554595,2.536073291991959,3.2210977298446593,-1.1735767379613624,0.015,0.774,0.906,,500,1000,0.05,0,2499228671,4,43,0,0,0,0,2,451
2,exact_orbit,0.08,800,0.5,800,800,1600,shared_orbit,0.003189789048096192,5.103662476953907,5.041331209113576,5.041331209113576,3.2669191182497257,-0.44011463929632555,0.024,0.972,0.988,1.0,500,1000,0.05,0,2499228671,4,43,0,0,0,0,2,451
2,exact_orbit,0.08,1600,0.5,1600,1600,3200,full,0.0031897890480961505,10.207324953907682,10.711150874450428,7.368845010616467,4.465348701098495,-1.5014917091205922,0.012,0.986,0.998,,500,1000,0.05,0,4280347063,0,1,0,0,0,0,0,499
2,exact_orbit,0.08,1600,0.5,1600,1600,3200,fundamental,0.003189789048096192,10.207324953907815,10.711150874447467,7.368845010613504,4.4653487010986,-1.5014917091246849,0.012,0.986,0.998,,500,1000,0.05,0,4280347063,0,1,0,0,0,0,0,499
2,exact_orbit,0.08,1600,0.5,1600,1600,3200,shared_orbit,0.003189789048096192,10.207324953907815,10.18310078872176,10.18310078872176,4.501890162999198,-3.238594386045861,0.001,1.0,1.0,1.0,500,1000,0.05,0,4280347063,0,1,0,0,0,0,0,499
2,exact_orbit,0.08,3200,0.5,3200,3200,6400,full,0.0031897890480961505,20.414649907815363,21.402457306492863,17.713577852378926,6.590149779926348,-1.7283232886168278,0.006,1.0,1.0,,500,1000,0.05,0,2961449584,0,0,0,0,0,0,0,500
2,exact_orbit,0.08,3200,0.5,3200,3200,6400,fundamental,0.003189789048096192,20.41464990781563,21.402457306504083,17.713577852390145,6.590149779926029,-1.7283232886077329,0.006,1.0,1.0,,500,1000,0.05,0,2961449584,0,0,0,0,0,0,0,500
2,exact_orbit,0.08,3200,0.5,3200,3200,6400,shared_orbit,0.003189789048096192,20.41464990781563,20.922351300798212,20.922351300798212,6.604585568667799,-10.987183351772728,0.0,1.0,1.0,1.0,500,1000,0.05,0,2961449584,0,0,0,0,0,0,0,500
2,exact_orbit,0.12,100,0.5,100,100,200,full,0.007148489757645725,1.429697951529145,1.8924207234045594,-0.0635907793095142,1.7733747284445947,0.050433676754227275,0.063,0.412,0.362,,500,1000,0.05,0,3135204155,262,57,0,0,0,0,9,172
2,exact_orbit,0.12,100,0.5,100,100,200,fundamental,0.007148489757645815,1.429697951529163,1.8924207234047108,-0.06359077930936277,1.7733747284445962,0.050433676754397805,0.063,0.412,0.362,,500,1000,0.05,0,3135204155,262,57,0,0,0,0,9,172
2,exact_orbit,0.12,100,0.5,100,100,200,shared_orbit,0.007148489757645815,1.429697951529163,1.4235617220920775,1.4235617220920775,1.8710458122291733,1.1275600120438583,0.178,0.78,0.458,1.0,500,1000,0.05,0,3135204155,262,57,0,0,0,0,9,172
2,exact_orbit,0.12,200,0.5,200,200,400,full,0.007148489757645725,2.85939590305829,3.3306283799364382,1.028043286942393,2.462035416029963,-0.29600077219050513,0.026,0.588,0.658,,500,1000,0.05,0,1191020092,69,102,0,0,0,0,11,318
2,exact_orbit,0.12,200,0.5,200,200,400,fundamental,0.007148489757645815,2.859395903058326,3.3306283799363894,1.0280432869423441,2.462035416029961,-0.2960007721904483,0.026,0.588,0.658,,500,1000,0.05,0,1191020092,69,102,0,0,0,0,11,318
2,exact_orbit,0.12,200,0.5,200,200,400,shared_orbit,0.007148489757645815,2.859395903058326,2.830718308277846,2.830718308277846,2.5620303076621207,0.48029236641815487,0.086,0.898,0.84,1.0,500,1000,0.05,0,1191020092,69,102,0,0,0,0,11,318
2,exact_orbit,0.12,400,0.5,400,400,800,full,0.007148489757645725,5.71879180611658,6.330830646134071,3.6816719628600545,3.582928844481476,-0.7925510332869776,0.02,0.866,0.916,,500,1000,0.05,0,703432470,0,42,0,0,0,0,1,457
2,exact_orbit,0.12,400,0.5,400,400,800,fundamental,0.007148489757645815,5.718791806116652,6.330830646133956,3.6816719628599386,3.582928844481461,-0.7925510332868639,0.02,0.866,0.916,,500,1000,0.05,0,703432470,0,42,0,0,0,0,1,457
2,exact_orbit,0.12,400,0.5,400,400,800,shared_orbit,0.007148489757645815,5.718791806116652,5.827507340290411,5.827507340290411,3.6368707462884293,-0.9507651558456018,0.014,0.98,0.998,1.0,500,1000,0.05,0,703432470,0,42,0,0,0,0,1,457
2,exact_orbit,0.12,800,0.5,800,800,1600,full,0.007148489757645725,11.43758361223316,12.111074253038904,9.115341979484915,4.911700581196559,-1.1551885415910381,0.011,0.992,1.0,,500,1000,0.05,0,1528612522,0,0,0,0,0,0,0,500
2,exact_orbit,0.12,800,0.5,800,800,1600,fundamental,0.007148489757645815,11.437583612233304,12.111074253038788,9.1153419794848,4.911700581196513,-1.1551885415914929,0.011,0.992,1.0,,500,1000,0.05,0,1528612522,0,0,0,0,0,0,0,500
2,exact_orbit,0.12,800,0.5,800,800,1600,shared_orbit,0.007148489757645815,11.437583612233304,11.614852320013375,11.614852320013375,4.94477376074729,-4.470993368001018,0.001,1.0,1.0,1.0,500,1000,0.05,0,1528612522,0,0,0,0,0,0,0,500
2,exact_orbit,0.12,1600,0.5,1600,1600,3200,full,0.007148489757645725,22.87516722446632,24.12461255516096,20.782306691327,7.374512781170958,-1.4233590712818573,0.008,1.0,1.0,,500,1000,0.05,0,269266691,0,0,0,0,0,0,0,500
2,exact_orbit,0.12,1600,0.5,1600,1600,3200,fundamental,0.007148489757645815,22.875167224466608,24.124612555158112,20.78230669132415,7.374512781170946,-1.423359071284131,0.008,1.0,1.0,,500,1000,0.05,0,269266691,0,0,0,0,0,0,0,500
2,exact_orbit,0.12,1600,0.5,1600,1600,3200,shared_orbit,0.007148489757645815,22.875167224466608,23.650701530540527,23.650701530540527,7.387139800209893,-12.514926790006939,0.0,1.0,1.0,1.0,500,1000,0.05,0,269266691,0,0,0,0,0,0,0,500
2,exact_orbit,0.12,3200,0.5,3200,3200,6400,full,0.007148489757645725,45.75033444893264,46.873108307591615,43.18422885347769,9.812086851430088,-1.6518700715080357,0.009,1.0,1.0,,500,1000,0.05,0,1800688465,0,0,0,0,0,0,0,500
2,exact_orbit,0.12,3200,0.5,3200,3200,6400,fundamental,0.007148489757645815,45.750334448933216,46.87310830760232,43.184228853488385,9.812086851430161,-1.6518700714934837,0.009,1.0,1.0,,500,1000,0.05,0,1800688465,0,0,0,0,0,0,0,500
2,exact_orbit,0.12,3200,0.5,3200,3200,6400,shared_orbit,0.007148489757645815,45.750334448933216,46.385518655562585,46.385518655562585,9.790033193905787,-31.25906197360564,0.0,1.0,1.0,1.0,500,1000,0.05,0,1800688465,0,0,0,0,0,0,0,500
2,exact_orbit,0.18,100,0.5,100,100,200,full,0.015941287790780467,3.1882575581560935,3.55755955694182,1.6015480542277465,2.397467573480902,0.06300790980539572,0.055,0.742,0.676,,500,1000,0.05,0,490805714,44,118,0,0,0,0,5,333
2,exact_orbit,0.18,100,0.5,100,100,200,fundamental,0.015941287790780412,3.1882575581560824,3.5575595569419765,1.6015480542279028,2.397467573480908,0.06300790980556625,0.055,0.742,0.676,,500,1000,0.05,0,490805714,44,118,0,0,0,0,5,333
2,exact_orbit,0.18,100,0.5,100,100,200,shared_orbit,0.015941287790780412,3.1882575581560824,3.017270406190219,3.017270406190219,2.4897924890903362,0.24029668208541466,0.055,0.912,0.902,1.0,500,1000,0.05,0,490805714,44,118,0,0,0,0,5,333
2,exact_orbit,0.18,200,0.5,200,200,400,full,0.015941287790780467,6.376515116312187,6.7899883597883415,4.487403266794297,3.393488324809172,-0.2788291213989944,0.035,0.934,0.942,,500,1000,0.05,0,1290051944,0,29,0,0,0,0,0,471
2,exact_orbit,0.18,200,0.5,200,200,400,fundamental,0.015941287790780412,6.376515116312165,6.789988359788289,4.487403266794243,3.3934883248091823,-0.2788291213989944,0.035,0.934,0.942,,500,1000,0.05,0,1290051944,0,29,0,0,0,0,0,471
2,exact_orbit,0.18,200,0.5,200,200,400,shared_orbit,0.015941287790780412,6.376515116312165,6.28347770455717,6.28347770455717,3.401748228588519,-1.0866710432661648,0.008,0.99,1.0,1.0,500,1000,0.05,0,1290051944,0,29,0,0,0,0,0,471
2,exact_orbit,0.18,400,0.5,400,400,800,full,0.015941287790780467,12.753030232624374,12.894521202655355,10.245362519381334,4.888265157452746,-0.7756058948469131,0.018,0.998,1.0,,500,1000,0.05,0,599300047,0,0,0,0,0,0,0,500
2,exact_orbit,0.18,400,0.5,400,400,800,fundamental,0.015941287790780412,12.75303023262433,12.89452120265524,10.245362519381223,4.888265157452765,-0.7756058948474815,0.018,0.998,1.0,,500,1000,0.05,0,599300047,0,0,0,0,0,0,0,500
2,exact_orbit,0.18,400,0.5,400,400,800,shared_orbit,0.015941287790780412,12.75303023262433,12.364760279236533,12.364760279236533,4.924569466019802,-5.051696115739901,0.0,1.0,1.0,1.0,500,1000,0.05,0,599300047,0,0,0,0,0,0,0,500
2,exact_orbit,0.18,800,0.5,800,800,1600,full,0.015941287790780467,25.506060465248748,25.856293498180356,22.86056122462637,6.9693082207708565,-1.1185336551515737,0.019,1.0,1.0,,500,1000,0.05,0,2820237880,0,0,0,0,0,0,0,500
2,exact_orbit,0.18,800,0.5,800,800,1600,fundamental,0.015941287790780412,25.50606046524866,25.85629349818024,22.86056122462625,6.969308220770882,-1.1185336551520284,0.019,1.0,1.0,,500,1000,0.05,0,2820237880,0,0,0,0,0,0,0,500
2,exact_orbit,0.18,800,0.5,800,800,1600,shared_orbit,0.015941287790780412,25.50606046524866,25.371554421887055,25.371554421887055,6.997089147292107,-15.07060606549544,0.0,1.0,1.0,1.0,500,1000,0.05,0,2820237880,0,0,0,0,0,0,0,500
2,exact_orbit,0.18,1600,0.5,1600,1600,3200,full,0.015941287790780467,51.012120930497495,51.50895774582391,48.166651881989935,9.733439628935162,-1.2324742559279462,0.015,1.0,1.0,,500,1000,0.05,0,1399241406,0,0,0,0,0,0,0,500
2,exact_orbit,0.18,1600,0.5,1600,1600,3200,fundamental,0.015941287790780412,51.01212093049732,51.50895774582106,48.166651881987086,9.733439628935072,-1.2324742559306747,0.015,1.0,1.0,,500,1000,0.05,0,1399241406,0,0,0,0,0,0,0,500
2,exact_orbit,0.18,1600,0.5,1600,1600,3200,shared_orbit,0.015941287790780412,51.01212093049732,50.93949236635388,50.93949236635388,9.816085106801552,-35.17335824463362,0.0,1.0,1.0,1.0,500,1000,0.05,0,1399241406,0,0,0,0,0,0,0,500
2,exact_orbit,0.18,3200,0.5,3200,3200,6400,full,0.015941287790780467,102.02424186099499,100.92828343898822,97.23940398487429,14.338872636503996,-1.865706616074256,0.007,1.0,1.0,,500,1000,0.05,0,3210996112,0,0,0,0,0,0,0,500
2,exact_orbit,0.18,3200,0.5,3200,3200,6400,fundamental,0.015941287790780412,102.02424186099464,100.92828343899897,97.23940398488504,14.338872636504192,-1.86570661606698,0.007,1.0,1.0,,500,1000,0.05,0,3210996112,0,0,0,0,0,0,0,500
2,exact_orbit,0.18,3200,0.5,3200,3200,6400,shared_orbit,0.015941287790780412,102.02424186099464,100.48239255149554,100.48239255149554,14.36992527570077,-78.56612396785295,0.0,1.0,1.0,1.0,500,1000,0.05,0,3210996112,0,0,0,0,0,0,0,500
2,exact_orbit,0.25,100,0.5,100,100,200,full,0.030299861980765966,6.059972396153193,6.618397861432802,4.662386358718728,3.6951306971646005,-0.05042845958021447,0.047,0.952,0.952,,500,1000,0.05,0,2894843012,0,24,0,0,0,0,1,475
2,exact_orbit,0.25,100,0.5,100,100,200,fundamental,0.03029986198076584,6.059972396153168,6.61839786143296,4.662386358718886,3.6951306971645996,-0.05042845958005815,0.047,0.952,0.952,,500,1000,0.05,0,2894843012,0,24,0,0,0,0,1,475
2,exact_orbit,0.25,100,0.5,100,100,200,shared_orbit,0.03029986198076584,6.059972396153168,6.0769552215908265,6.0769552215908265,3.758589728465134,-1.1224385493488853,0.007,0.982,0.998,1.0,500,1000,0.05,0,2894843012,0,24,0,0,0,0,1,475
2,exact_orbit,0.25,200,0.5,200,200,400,full,0.030299861980765966,12.119944792306386,12.680196387174936,10.37761129418089,4.99746928994712,-0.4302804426674336,0.024,0.998,0.998,,500,1000,0.05,0,3781702004,0,1,0,0,0,0,0,499
2,exact_orbit,0.25,200,0.5,200,200,400,fundamental,0.03029986198076584,12.119944792306336,12.680196387174892,10.377611294180847,4.9974692899471425,-0.43028044266726306,0.024,0.998,0.998,,500,1000,0.05,0,3781702004,0,1,0,0,0,0,0,499
2,exact_orbit,0.25,200,0.5,200,200,400,shared_orbit,0.03029986198076584,12.119944792306336,12.223557268574888,12.223557268574888,5.052637601203948,-5.0620668129298565,0.002,1.0,1.0,1.0,500,1000,0.05,0,3781702004,0,1,0,0,0,0,0,499
2,exact_orbit,0.25,400,0.5,400,400,800,full,0.030299861980765966,24.239889584612772,25.14374586994638,22.494587186672362,6.749579114384067,-0.526312439527524,0.026,1.0,1.0,,500,1000,0.05,0,2001303358,0,0,0,0,0,0,0,500
2,exact_orbit,0.25,400,0.5,400,400,800,fundamental,0.03029986198076584,24.239889584612673,25.143745869946322,22.4945871866723,6.749579114384096,-0.5263124395277514,0.026,1.0,1.0,,500,1000,0.05,0,2001303358,0,0,0,0,0,0,0,500
2,exact_orbit,0.25,400,0.5,400,400,800,shared_orbit,0.03029986198076584,24.239889584612673,24.5943530831353,24.5943530831353,6.840380137125713,-13.84354034809121,0.0,1.0,1.0,1.0,500,1000,0.05,0,2001303358,0,0,0,0,0,0,0,500
2,exact_orbit,0.25,800,0.5,800,800,1600,full,0.030299861980765966,48.479779169225544,49.77998676174481,46.78425448819081,9.280484997025377,-1.2802816198274702,0.01,1.0,1.0,,500,1000,0.05,0,1002472245,0,0,0,0,0,0,0,500
2,exact_orbit,0.25,800,0.5,800,800,1600,fundamental,0.03029986198076584,48.479779169225345,49.779986761744716,46.784254488190726,9.280484997025374,-1.2802816198274702,0.01,1.0,1.0,,500,1000,0.05,0,1002472245,0,0,0,0,0,0,0,500
2,exact_orbit,0.25,800,0.5,800,800,1600,shared_orbit,0.03029986198076584,48.479779169225345,49.260098636487264,49.260098636487264,9.286924853539954,-34.17547568444661,0.0,1.0,1.0,1.0,500,1000,0.05,0,1002472245,0,0,0,0,0,0,0,500
2,exact_orbit,0.25,1600,0.5,1600,1600,3200,full,0.030299861980765966,96.95955833845109,97.7511964771621,94.40889061332814,13.275914883513105,-1.4091574494853836,0.009,1.0,1.0,,500,1000,0.05,0,3498290983,0,0,0,0,0,0,0,500
2,exact_orbit,0.25,1600,0.5,1600,1600,3200,fundamental,0.03029986198076584,96.95955833845069,97.75119647715898,94.40889061332503,13.275914883513098,-1.4091574494876573,0.009,1.0,1.0,,500,1000,0.05,0,3498290983,0,0,0,0,0,0,0,500
2,exact_orbit,0.25,1600,0.5,1600,1600,3200,shared_orbit,0.03029986198076584,96.95955833845069,97.21889152630028,97.21889152630028,13.298994657796069,-73.96595309926897,0.0,1.0,1.0,1.0,500,1000,0.05,0,3498290983,0,0,0,0,0,0,0,500
2,exact_orbit,0.25,3200,0.5,3200,3200,6400,full,0.030299861980765966,193.91911667690218,193.97962357136882,190.29074411725492,19.52932166182143,-1.6890079170254992,0.008,1.0,1.0,,500,1000,0.05,0,1114210538,0,0,0,0,0,0,0,500
2,exact_orbit,0.25,3200,0.5,3200,3200,6400,fundamental,0.03029986198076584,193.91911667690138,193.9796235713795,190.29074411726563,19.52932166182173,-1.6890079170127663,0.008,1.0,1.0,,500,1000,0.05,0,1114210538,0,0,0,0,0,0,0,500
2,exact_orbit,0.25,3200,0.5,3200,3200,6400,shared_orbit,0.03029986198076584,193.91911667690138,193.48822837050673,193.48822837050673,19.596515655992807,-162.02197964339302,0.0,1.0,1.0,1.0,500,1000,0.05,0,1114210538,0,0,0,0,0,0,0,500
2,independent_fundamental,0.08,100,0.5,100,100,200,full,0.0019176920110870327,0.38353840221740654,0.8779047750303046,-1.0781067276837688,1.225374362969832,-0.24717784329395132,0.041,0.142,0.146,,500,1000,0.05,0,1521184318,409,18,0,0,0,0,7,66
2,independent_fundamental,0.08,100,0.5,100,100,200,fundamental,0.0019176920110870466,0.3835384022174093,0.8779047750304545,-1.078106727683619,1.2253743629698362,-0.24717784329383763,0.041,0.142,0.146,,500,1000,0.05,0,1521184318,409,18,0,0,0,0,7,66
2,independent_fundamental,0.08,100,0.5,100,100,200,shared_orbit,0.001756339186107292,0.3512678372214584,0.34414115086270636,0.34414115086270636,1.403272854924477,1.2024518875379329,0.273,0.528,0.168,,500,1000,0.05,0,1521184318,409,18,0,0,0,0,7,66
2,independent_fundamental,0.08,200,0.5,200,200,400,full,0.0019176920110870327,0.7670768044348131,1.262914760706494,-1.0396703322875513,1.3736471765993474,-0.47826995158619434,0.035,0.184,0.252,,500,1000,0.05,0,3106641041,312,62,0,0,0,0,12,114
2,independent_fundamental,0.08,200,0.5,200,200,400,fundamental,0.0019176920110870466,0.7670768044348186,1.2629147607064568,-1.0396703322875886,1.3736471765993379,-0.4782699515862512,0.035,0.184,0.252,,500,1000,0.05,0,3106641041,312,62,0,0,0,0,12,114
2,independent_fundamental,0.08,200,0.5,200,200,400,shared_orbit,0.001756339186107292,0.7025356744429168,0.6720243966072054,0.6720243966072054,1.543054285098071,0.881007022363292,0.185,0.622,0.352,,500,1000,0.05,0,3106641041,312,62,0,0,0,0,12,114
2,independent_fundamental,0.08,400,0.5,400,400,800,full,0.0019176920110870327,1.5341536088696262,1.9344165434163847,-0.7147421398576336,1.8146649369496448,-0.797376616929037,0.021,0.272,0.404,,500,1000,0.05,0,2636504288,193,105,0,0,0,0,10,192
2,independent_fundamental,0.08,400,0.5,400,400,800,fundamental,0.0019176920110870466,1.5341536088696373,1.9344165434163052,-0.7147421398577132,1.8146649369496166,-0.7973766169291507,0.021,0.272,0.404,,500,1000,0.05,0,2636504288,193,105,0,0,0,0,10,192
2,independent_fundamental,0.08,400,0.5,400,400,800,shared_orbit,0.001756339186107292,1.4050713488858335,1.3139052847528463,1.3139052847528463,2.0048347914669056,0.490100090719352,0.093,0.734,0.594,,500,1000,0.05,0,2636504288,193,105,0,0,0,0,10,192
2,independent_fundamental,0.08,800,0.5,800,800,1600,full,0.0019176920110870327,3.0683072177392523,3.882771668128917,0.8870393945749265,2.842847454640879,-0.9835558694762274,0.02,0.566,0.682,,500,1000,0.05,0,2588573105,23,136,0,0,0,0,4,337
2,independent_fundamental,0.08,800,0.5,800,800,1600,fundamental,0.0019176920110870466,3.0683072177392745,3.8827716681287954,0.8870393945748046,2.8428474546408733,-0.9835558694769095,0.02,0.566,0.682,,500,1000,0.05,0,2588573105,23,136,0,0,0,0,4,337
2,independent_fundamental,0.08,800,0.5,800,800,1600,shared_orbit,0.001756339186107292,2.810142697771667,3.112307185185295,3.112307185185295,3.02240415934224,-0.7201080388990704,0.021,0.89,0.946,,500,1000,0.05,0,2588573105,23,136,0,0,0,0,4,337
2,independent_fundamental,0.08,1600,0.5,1600,1600,3200,full,0.0019176920110870327,6.136614435478505,6.757270129657449,3.4149642658234862,3.5868890884972244,-1.3696594453761923,0.009,0.816,0.936,,500,1000,0.05,0,3165817463,0,32,0,0,0,0,0,468
2,independent_fundamental,0.08,1600,0.5,1600,1600,3200,fundamental,0.0019176920110870466,6.136614435478549,6.757270129654426,3.414964265820462,3.5868890884973266,-1.3696594453789208,0.009,0.816,0.936,,500,1000,0.05,0,3165817463,0,32,0,0,0,0,0,468
2,independent_fundamental,0.08,1600,0.5,1600,1600,3200,shared_orbit,0.001756339186107292,5.620285395543334,5.716795897755149,5.716795897755149,3.773397972137321,-3.7815075273551884,0.0,0.958,1.0,,500,1000,0.05,0,3165817463,0,32,0,0,0,0,0,468
2,independent_fundamental,0.08,3200,0.5,3200,3200,6400,full,0.0019176920110870327,12.27322887095701,12.61607256080847,8.927193106694537,4.770172609486678,-1.7301684435644873,0.006,0.994,1.0,,500,1000,0.05,0,2093817848,0,0,0,0,0,0,0,500
2,independent_fundamental,0.08,3200,0.5,3200,3200,6400,fundamental,0.0019176920110870466,12.273228870957098,12.616072560819184,8.92719310670525,4.77017260948661,-1.7301684435544828,0.006,0.994,1.0,,500,1000,0.05,0,2093817848,0,0,0,0,0,0,0,500
2,independent_fundamental,0.08,3200,0.5,3200,3200,6400,shared_orbit,0.001756339186107292,11.240570791086668,11.094048565743547,11.094048565743547,4.917166819067802,-10.563464787524936,0.0,0.998,1.0,,500,1000,0.05,0,2093817848,0,0,0,0,0,0,0,500
2,independent_fundamental,0.12,100,0.5,100,100,200,full,0.004302746408107433,0.8605492816214866,1.3330838032143446,-0.6229276994997288,1.4211737105752953,-0.4516017348184218,0.034,0.266,0.32,,500,1000,0.05,0,3111608444,290,50,0,0,0,0,17,143
2,independent_fundamental,0.12,100,0.5,100,100,200,fundamental,0.004302746408107683,0.8605492816215365,1.3330838032144978,-0.6229276994995757,1.4211737105752957,-0.4516017348183081,0.034,0.266,0.32,,500,1000,0.05,0,3111608444,290,50,0,0,0,0,17,143
2,independent_fundamental,0.12,100,0.5,100,100,200,shared_orbit,0.0039415114225620496,0.7883022845124099,0.7044711565226492,0.7044711565226492,1.6874412098737885,0.6455692550044319,0.146,0.634,0.386,,500,1000,0.05,0,3111608444,290,50,0,0,0,0,17,143
2,independent_fundamental,0.12,200,0.5,200,200,400,full,0.004302746408107433,1.7210985632429732,2.209833017238025,-0.0927520757560201,1.925952620109295,-0.43729108448793363,0.028,0.392,0.466,,500,1000,0.05,0,2495764629,136,131,0,0,0,0,7,226
2,independent_fundamental,0.12,200,0.5,200,200,400,fundamental,0.004302746408107683,1.721098563243073,2.209833017237991,-0.09275207575605443,1.925952620109278,-0.4372910844879905,0.028,0.392,0.466,,500,1000,0.05,0,2495764629,136,131,0,0,0,0,7,226
2,independent_fundamental,0.12,200,0.5,200,200,400,shared_orbit,0.0039415114225620496,1.5766045690248198,1.5922292042920143,1.5922292042920143,2.117712661773153,0.36097980066836044,0.076,0.778,0.714,,500,1000,0.05,0,2495764629,136,131,0,0,0,0,7,226
2,independent_fundamental,0.12,400,0.5,400,400,800,full,0.004302746408107433,3.4421971264859463,3.92219351849202,1.2730348352180019,2.6859091634050385,-0.8038654359624302,0.015,0.626,0.736,,500,1000,0.05,0,2305879413,18,114,0,0,0,0,3,365
2,independent_fundamental,0.12,400,0.5,400,400,800,fundamental,0.004302746408107683,3.442197126486146,3.9221935184918975,1.2730348352178797,2.6859091634050105,-0.8038654359626576,0.015,0.626,0.736,,500,1000,0.05,0,2305879413,18,114,0,0,0,0,3,365
2,independent_fundamental,0.12,400,0.5,400,400,800,shared_orbit,0.0039415114225620496,3.1532091380496396,3.090282658696897,3.090282658696897,2.8504776228411934,-0.931886325856226,0.01,0.896,0.958,,500,1000,0.05,0,2305879413,18,114,0,0,0,0,3,365
2,independent_fundamental,0.12,800,0.5,800,800,1600,full,0.004302746408107433,6.884394252971893,7.300137097232529,4.304404823678539,3.5154983734116283,-0.9691956377541335,0.016,0.9,0.95,,500,1000,0.05,0,1825073912,0,25,0,0,0,0,0,475
2,independent_fundamental,0.12,800,0.5,800,800,1600,fundamental,0.004302746408107683,6.884394252972292,7.300137097232434,4.304404823678444,3.5154983734116283,-0.9691956377539062,0.016,0.9,0.95,,500,1000,0.05,0,1825073912,0,25,0,0,0,0,0,475
2,independent_fundamental,0.12,800,0.5,800,800,1600,shared_orbit,0.0039415114225620496,6.306418276099279,6.192734548855565,6.192734548855565,3.774530238621917,-4.484228187557619,0.0,0.958,1.0,,500,1000,0.05,0,1825073912,0,25,0,0,0,0,0,475
2,independent_fundamental,0.12,1600,0.5,1600,1600,3200,full,0.004302746408107433,13.768788505943785,14.31751051103347,10.97520464719951,5.237340680985511,-1.413119720758778,0.008,0.998,1.0,,500,1000,0.05,0,3115361141,0,0,0,0,0,0,0,500
2,independent_fundamental,0.12,1600,0.5,1600,1600,3200,fundamental,0.004302746408107683,13.768788505944585,14.31751051103052,10.97520464719656,5.237340680985549,-1.4131197207615065,0.008,0.998,1.0,,500,1000,0.05,0,3115361141,0,0,0,0,0,0,0,500
2,independent_fundamental,0.12,1600,0.5,1600,1600,3200,shared_orbit,0.0039415114225620496,12.612836552198559,12.696588674541193,12.696588674541193,5.537981534659379,-13.13854602061474,0.0,0.998,1.0,,500,1000,0.05,0,3115361141,0,0,0,0,0,0,0,500
2,independent_fundamental,0.12,3200,0.5,3200,3200,6400,full,0.004302746408107433,27.53757701188757,27.580746807896105,23.891867353782175,7.408107064244923,-1.7151483942964276,0.006,1.0,1.0,,500,1000,0.05,0,3542064708,0,0,0,0,0,0,0,500
2,independent_fundamental,0.12,3200,0.5,3200,3200,6400,fundamental,0.004302746408107683,27.53757701188917,27.58074680790705,23.891867353793117,7.40810706424494,-1.7151483942836947,0.006,1.0,1.0,,500,1000,0.05,0,3542064708,0,0,0,0,0,0,0,500
2,independent_fundamental,0.12,3200,0.5,3200,3200,6400,shared_orbit,0.0039415114225620496,25.225673104397117,24.84430412909333,24.84430412909333,7.871950418531229,-30.900427524036786,0.0,1.0,1.0,,500,1000,0.05,0,3542064708,0,0,0,0,0,0,0,500
2,independent_fundamental,0.18,100,0.5,100,100,200,full,0.009620626057181038,1.9241252114362075,2.42882683686754,0.4728153341534662,2.095517978057309,0.07745334716411234,0.061,0.54,0.48,,500,1000,0.05,0,247979674,136,124,0,0,0,0,7,233
2,independent_fundamental,0.18,100,0.5,100,100,200,fundamental,0.009620626057180948,1.9241252114361895,2.428826836867694,0.4728153341536206,2.0955179780573108,0.07745334716433971,0.061,0.54,0.48,,500,1000,0.05,0,247979674,136,124,0,0,0,0,7,233
2,independent_fundamental,0.18,100,0.5,100,100,200,shared_orbit,0.008816902644163793,1.7633805288327586,1.7705215524019968,1.7705215524019968,2.27592463939964,0.32069610533324067,0.058,0.79,0.714,,500,1000,0.05,0,247979674,136,124,0,0,0,0,7,233
2,independent_fundamental,0.18,200,0.5,200,200,400,full,0.009620626057181038,3.848250422872415,4.4085991323202265,2.106014039326181,3.001747038818121,-0.38830384170678167,0.033,0.722,0.772,,500,1000,0.05,0,1864576660,12,102,0,0,0,0,2,384
2,independent_fundamental,0.18,200,0.5,200,200,400,fundamental,0.009620626057180948,3.848250422872379,4.408599132320183,2.1060140393261375,3.0017470388181042,-0.38830384170678167,0.033,0.722,0.772,,500,1000,0.05,0,1864576660,12,102,0,0,0,0,2,384
2,independent_fundamental,0.18,200,0.5,200,200,400,shared_orbit,0.008816902644163793,3.5267610576655173,3.633391845112069,3.633391845112069,3.1866295781819862,-1.2647580062454722,0.009,0.884,0.972,,500,1000,0.05,0,1864576660,12,102,0,0,0,0,2,384
2,independent_fundamental,0.18,400,0.5,400,400,800,full,0.009620626057181038,7.69650084574483,8.054497897404122,5.4053392141301035,3.870509261023541,-0.6611544875421855,0.024,0.952,0.974,,500,1000,0.05,0,300802862,0,13,0,0,0,0,0,487
2,independent_fundamental,0.18,400,0.5,400,400,800,fundamental,0.009620626057180948,7.696500845744758,8.054497897404012,5.4053392141299925,3.870509261023559,-0.6611544875422992,0.024,0.952,0.974,,500,1000,0.05,0,300802862,0,13,0,0,0,0,0,487
2,independent_fundamental,0.18,400,0.5,400,400,800,shared_orbit,0.008816902644163793,7.053522115331035,6.878876985035228,6.878876985035228,4.129269181157602,-5.211718788615258,0.0,0.972,1.0,,500,1000,0.05,0,300802862,0,13,0,0,0,0,0,487
2,independent_fundamental,0.18,800,0.5,800,800,1600,full,0.009620626057181038,15.39300169148966,16.214997589587707,13.219265316033722,5.338305257547805,-1.131194735109553,0.013,1.0,1.0,,500,1000,0.05,0,764140027,0,0,0,0,0,0,0,500
2,independent_fundamental,0.18,800,0.5,800,800,1600,fundamental,0.009620626057180948,15.393001691489516,16.21499758958756,13.219265316033573,5.3383052575477885,-1.1311947351097804,0.013,1.0,1.0,,500,1000,0.05,0,764140027,0,0,0,0,0,0,0,500
2,independent_fundamental,0.18,800,0.5,800,800,1600,shared_orbit,0.008816902644163793,14.10704423066207,14.363258886128277,14.363258886128277,5.684239345407742,-14.302892870228561,0.0,1.0,1.0,,500,1000,0.05,0,764140027,0,0,0,0,0,0,0,500
2,independent_fundamental,0.18,1600,0.5,1600,1600,3200,full,0.009620626057181038,30.78600338297932,31.49359323680887,28.151287372974906,7.876600239573857,-1.305359863834247,0.006,1.0,1.0,,500,1000,0.05,0,1191512616,0,0,0,0,0,0,0,500
2,independent_fundamental,0.18,1600,0.5,1600,1600,3200,fundamental,0.009620626057180948,30.786003382979032,31.493593236805914,28.15128737297195,7.8766002395738575,-1.3053598638369754,0.006,1.0,1.0,,500,1000,0.05,0,1191512616,0,0,0,0,0,0,0,500
2,independent_fundamental,0.18,1600,0.5,1600,1600,3200,shared_orbit,0.008816902644163793,28.21408846132414,28.503486251521423,28.503486251521423,8.20656027620595,-36.15954082037297,0.0,1.0,1.0,,500,1000,0.05,0,1191512616,0,0,0,0,0,0,0,500
2,independent_fundamental,0.18,3200,0.5,3200,3200,6400,full,0.009620626057181038,61.57200676595864,62.41523256119815,58.726353107084215,10.958972602840399,-1.4265792147209666,0.011,1.0,1.0,,500,1000,0.05,0,3130568947,0,0,0,0,0,0,0,500
2,independent_fundamental,0.18,3200,0.5,3200,3200,6400,fundamental,0.009620626057180948,61.572006765958065,62.41523256120899,58.726353107095065,10.958972602840356,-1.4265792147118717,0.011,1.0,1.0,,500,1000,0.05,0,3130568947,0,0,0,0,0,0,0,500
2,independent_fundamental,0.18,3200,0.5,3200,3200,6400,shared_orbit,0.008816902644163793,56.42817692264828,56.80813053081581,56.80813053081581,11.23574727670155,-80.40448768183069,0.0,1.0,1.0,,500,1000,0.05,0,3130568947,0,0,0,0,0,0,0,500
2,independent_fundamental,0.25,100,0.5,100,100,200,full,0.01836593389670567,3.6731867793411337,4.083225248715781,2.1272137460017078,2.7739440413943397,-0.12575894008643873,0.042,0.758,0.758,,500,1000,0.05,0,1983156767,11,110,0,0,0,0,4,375
2,independent_fundamental,0.25,100,0.5,100,100,200,fundamental,0.01836593389670571,3.673186779341142,4.083225248715941,2.1272137460018676,2.773944041394339,-0.12575894008629662,0.042,0.758,0.758,,500,1000,0.05,0,1983156767,11,110,0,0,0,0,4,375
2,independent_fundamental,0.25,100,0.5,100,100,200,shared_orbit,0.016844155048878817,3.3688310097757634,3.2929367901135564,3.2929367901135564,2.913648527087456,-1.083259749873264,0.016,0.898,0.97,,500,1000,0.05,0,1983156767,11,110,0,0,0,0,4,375
2,independent_fundamental,0.25,200,0.5,200,200,400,full,0.01836593389670567,7.346373558682267,7.980438684774484,5.677853591780439,4.098391810259552,-0.22353382187402326,0.041,0.952,0.964,,500,1000,0.05,0,198553663,0,18,0,0,0,0,0,482
2,independent_fundamental,0.25,200,0.5,200,200,400,fundamental,0.01836593389670571,7.346373558682284,7.980438684774445,5.677853591780399,4.098391810259559,-0.22353382187396642,0.041,0.952,0.964,,500,1000,0.05,0,198553663,0,18,0,0,0,0,0,482
2,independent_fundamental,0.25,200,0.5,200,200,400,shared_orbit,0.016844155048878817,6.737662019551527,6.845876606290303,6.845876606290303,4.294819617820847,-4.962045137391954,0.0,0.976,1.0,,500,1000,0.05,0,198553663,0,18,0,0,0,0,0,482
2,independent_fundamental,0.25,400,0.5,400,400,800,full,0.01836593389670567,14.692747117364535,15.255653616649585,12.606494933375568,5.871153692450441,-0.8756867495574538,0.02,0.996,0.998,,500,1000,0.05,0,1398689118,0,1,0,0,0,0,0,499
2,independent_fundamental,0.25,400,0.5,400,400,800,fundamental,0.01836593389670571,14.692747117364569,15.255653616649495,12.606494933375478,5.871153692450449,-0.8756867495576812,0.02,0.996,0.998,,500,1000,0.05,0,1398689118,0,1,0,0,0,0,0,499
2,independent_fundamental,0.25,400,0.5,400,400,800,shared_orbit,0.016844155048878817,13.475324039103054,13.477725432377367,13.477725432377367,6.125908330787446,-14.146807028317198,0.0,0.996,1.0,,500,1000,0.05,0,1398689118,0,1,0,0,0,0,0,499
2,independent_fundamental,0.25,800,0.5,800,800,1600,full,0.01836593389670567,29.38549423472907,29.509262884564297,26.513530611010307,7.772739092653468,-0.9267960902920511,0.02,1.0,1.0,,500,1000,0.05,0,3475461826,0,0,0,0,0,0,0,500
2,independent_fundamental,0.25,800,0.5,800,800,1600,fundamental,0.01836593389670571,29.385494234729137,29.509262884564123,26.513530611010136,7.77273909265346,-0.9267960902925059,0.02,1.0,1.0,,500,1000,0.05,0,3475461826,0,0,0,0,0,0,0,500
2,independent_fundamental,0.25,800,0.5,800,800,1600,shared_orbit,0.016844155048878817,26.950648078206108,26.65074342701853,26.65074342701853,8.021809028105613,-33.08366469964176,0.0,1.0,1.0,,500,1000,0.05,0,3475461826,0,0,0,0,0,0,0,500
2,independent_fundamental,0.25,1600,0.5,1600,1600,3200,full,0.01836593389670567,58.77098846945814,58.58316699090866,55.24086112707468,10.222426852799329,-1.6540815648612357,0.01,1.0,1.0,,500,1000,0.05,0,1155742522,0,0,0,0,0,0,0,500
2,independent_fundamental,0.25,1600,0.5,1600,1600,3200,fundamental,0.01836593389670571,58.770988469458274,58.58316699090556,55.24086112707158,10.22242685279931,-1.6540815648653284,0.01,1.0,1.0,,500,1000,0.05,0,1155742522,0,0,0,0,0,0,0,500
2,independent_fundamental,0.25,1600,0.5,1600,1600,3200,shared_orbit,0.016844155048878817,53.901296156412215,53.30463195302743,53.30463195302743,10.723905499509145,-74.45060357401462,0.0,1.0,1.0,,500,1000,0.05,0,1155742522,0,0,0,0,0,0,0,500
2,independent_fundamental,0.25,3200,0.5,3200,3200,6400,full,0.01836593389670567,117.54197693891628,117.98290581876121,114.2940263646473,15.117046862344473,-1.621379505770399,0.003,1.0,1.0,,500,1000,0.05,0,1658013768,0,0,0,0,0,0,0,500
2,independent_fundamental,0.25,3200,0.5,3200,3200,6400,fundamental,0.01836593389670571,117.54197693891655,117.98290581877218,114.29402636465825,15.117046862344706,-1.6213795057585756,0.003,1.0,1.0,,500,1000,0.05,0,1658013768,0,0,0,0,0,0,0,500
2,independent_fundamental,0.25,3200,0.5,3200,3200,6400,shared_orbit,0.016844155048878817,107.80259231282443,107.316820513218,107.316820513218,15.710701703862615,-163.61179271162382,0.0,1.0,1.0,,500,1000,0.05,0,1658013768,0,0,0,0,0,0,0,500
3,exact_orbit,0.08,100,0.5,100,100,200,full,0.0024608235992743706,0.4921647198548741,1.4978759000679598,-2.414147105360187,1.3606614838042046,-0.8004514524321786,0.016,0.056,0.122,,500,1000,0.05,0,1118251496,424,15,0,0,0,0,13,48
3,exact_orbit,0.08,100,0.5,100,100,200,fundamental,0.0024608235992744643,0.49216471985489285,1.497875900068122,-2.4141471053600254,1.3606614838042004,-0.8004514524319797,0.016,0.056,0.122,,500,1000,0.05,0,1118251496,424,15,0,0,0,0,13,48
3,exact_orbit,0.08,100,0.5,100,100,200,shared_orbit,0.0024608235992744643,0.49216471985489285,0.803005432932922,0.10985825237297676,1.4806470936494245,1.6908793280935601,0.273,0.484,0.126,0.622,500,1000,0.05,0,1118251496,424,15,0,0,0,0,13,48
3,exact_orbit,0.08,200,0.5,200,200,400,full,0.0024608235992743706,0.9843294397097482,1.969328333669461,-2.63584185231863,1.5967198672882896,-1.4393840030848155,0.013,0.064,0.214,,500,1000,0.05,0,1373353860,370,23,0,0,0,0,15,92
3,exact_orbit,0.08,200,0.5,200,200,400,fundamental,0.0024608235992744643,0.9843294397097857,1.9693283336694085,-2.6358418523186824,1.5967198672882912,-1.4393840030850429,0.013,0.064,0.214,,500,1000,0.05,0,1373353860,370,23,0,0,0,0,15,92
3,exact_orbit,0.08,200,0.5,200,200,400,shared_orbit,0.0024608235992744643,0.9843294397097857,1.2111523322421216,0.5180051516821764,1.7082575773080693,1.717754370853017,0.243,0.588,0.23,0.702,500,1000,0.05,0,1373353860,370,23,0,0,0,0,15,92
3,exact_orbit,0.08,400,0.5,400,400,800,full,0.0024608235992743706,1.9686588794194964,2.794782554179943,-2.5035348123680934,2.0918556826774326,-2.2330599875846984,0.006,0.116,0.354,,500,1000,0.05,0,3871677540,262,61,0,0,0,0,4,173
3,exact_orbit,0.08,400,0.5,400,400,800,fundamental,0.0024608235992744643,1.9686588794195714,2.794782554179917,-2.5035348123681196,2.0918556826774317,-2.2330599875846984,0.006,0.116,0.354,,500,1000,0.05,0,3871677540,262,61,0,0,0,0,4,173
3,exact_orbit,0.08,400,0.5,400,400,800,shared_orbit,0.0024608235992744643,1.9686588794195714,2.02567347738265,1.3325262968227047,2.1849934364568444,1.167691590396375,0.15,0.716,0.468,0.848,500,1000,0.05,0,3871677540,262,61,0,0,0,0,4,173
3,exact_orbit,0.08,800,0.5,800,800,1600,full,0.0024608235992743706,3.9373177588389927,4.829249792784514,-1.1622147543234667,3.010873291180453,-2.9397841825115316,0.001,0.288,0.688,,500,1000,0.05,0,3556551130,89,67,0,0,0,0,10,334
3,exact_orbit,0.08,800,0.5,800,800,1600,fundamental,0.0024608235992744643,3.937317758839143,4.829249792784409,-1.1622147543235721,3.0108732911804643,-2.9397841825115316,0.001,0.288,0.688,,500,1000,0.05,0,3556551130,89,67,0,0,0,0,10,334
3,exact_orbit,0.08,800,0.5,800,800,1600,shared_orbit,0.0024608235992744643,3.937317758839143,3.8627172291681786,3.1695700486082323,3.018650897342831,0.6447474813782624,0.078,0.878,0.802,0.918,500,1000,0.05,0,3556551130,89,67,0,0,0,0,10,334
3,exact_orbit,0.08,1600,0.5,1600,1600,3200,full,0.0024608235992743706,7.874635517677985,9.114966601792284,2.4303548741243577,4.241326141772753,-3.6238765803397666,0.002,0.688,0.954,,500,1000,0.05,0,2085385969,4,19,0,0,0,0,1,476
3,exact_orbit,0.08,1600,0.5,1600,1600,3200,fundamental,0.0024608235992744643,7.874635517678286,9.114966601789195,2.430354874121269,4.2413261417727615,-3.6238765803438593,0.002,0.688,0.954,,500,1000,0.05,0,2085385969,4,19,0,0,0,0,1,476
3,exact_orbit,0.08,1600,0.5,1600,1600,3200,shared_orbit,0.0024608235992744643,7.874635517678286,8.12547634623098,7.432329165671036,4.251479081136043,-1.5318440114290848,0.014,0.97,0.99,0.98,500,1000,0.05,0,2085385969,4,19,0,0,0,0,1,476
3,exact_orbit,0.08,3200,0.5,3200,3200,6400,full,0.0024608235992743706,15.74927103535597,17.366844189473134,9.98908528124526,5.821553944556203,-4.32236796626286,0.0,0.97,0.992,,500,1000,0.05,0,3347237708,0,4,0,0,0,0,0,496
3,exact_orbit,0.08,3200,0.5,3200,3200,6400,fundamental,0.0024608235992744643,15.749271035356571,17.366844189484045,9.989085281256171,5.821553944556242,-4.322367966251036,0.0,0.97,0.992,,500,1000,0.05,0,3347237708,0,4,0,0,0,0,0,496
3,exact_orbit,0.08,3200,0.5,3200,3200,6400,shared_orbit,0.0024608235992744643,15.749271035356571,16.360952554055682,15.667805373495739,5.842122679445626,-6.6146627361011365,0.001,0.996,1.0,0.998,500,1000,0.05,0,3347237708,0,4,0,0,0,0,0,496
3,exact_orbit,0.12,100,0.5,100,100,200,full,0.005592572506560162,1.1185145013120326,2.1378419832005946,-1.7741810222275527,1.7686573539657078,-0.9030770779815436,0.016,0.144,0.238,,500,1000,0.05,0,1307498708,355,26,0,0,0,0,10,109
3,exact_orbit,0.12,100,0.5,100,100,200,fundamental,0.005592572506560423,1.1185145013120845,2.137841983200758,-1.7741810222273888,1.768657353965708,-0.9030770779813446,0.016,0.144,0.238,,500,1000,0.05,0,1307498708,355,26,0,0,0,0,10,109
3,exact_orbit,0.12,100,0.5,100,100,200,shared_orbit,0.005592572506560423,1.1185145013120845,1.3708861328557644,0.6777389522958189,1.962525648355579,1.5128779648892152,0.197,0.62,0.27,0.762,500,1000,0.05,0,1307498708,355,26,0,0,0,0,10,109
3,exact_orbit,0.12,200,0.5,200,200,400,full,0.005592572506560162,2.237029002624065,3.2164091816591553,-1.3887610043289356,2.3029303370337497,-1.5968361434017497,0.015,0.246,0.466,,500,1000,0.05,0,709068572,211,56,0,0,0,0,6,227
3,exact_orbit,0.12,200,0.5,200,200,400,fundamental,0.005592572506560423,2.237029002624169,3.2164091816591034,-1.3887610043289869,2.3029303370337453,-1.5968361434018066,0.015,0.246,0.466,,500,1000,0.05,0,709068572,211,56,0,0,0,0,6,227
3,exact_orbit,0.12,200,0.5,200,200,400,shared_orbit,0.005592572506560423,2.237029002624169,2.407335198859354,1.7141880182994085,2.3300392341328813,1.0232451696302878,0.129,0.764,0.566,0.866,500,1000,0.05,0,709068572,211,56,0,0,0,0,6,227
3,exact_orbit,0.12,400,0.5,400,400,800,full,0.005592572506560162,4.47405800524813,5.165934413822164,-0.13238295272587314,3.048504939110439,-2.3142751200814073,0.004,0.43,0.74,,500,1000,0.05,0,205159892,60,70,0,0,0,0,3,367
3,exact_orbit,0.12,400,0.5,400,400,800,fundamental,0.005592572506560423,4.474058005248338,5.16593441382213,-0.13238295272590567,3.0485049391104395,-2.3142751200814073,0.004,0.43,0.74,,500,1000,0.05,0,205159892,60,70,0,0,0,0,3,367
3,exact_orbit,0.12,400,0.5,400,400,800,shared_orbit,0.005592572506560423,4.474058005248338,4.151136588357293,3.4579894077973474,3.096819284584938,0.36637808643007663,0.061,0.904,0.874,0.942,500,1000,0.05,0,205159892,60,70,0,0,0,0,3,367
3,exact_orbit,0.12,800,0.5,800,800,1600,full,0.005592572506560162,8.94811601049626,10.170081500841095,4.178616953733114,4.430640250524303,-3.3768734342535405,0.001,0.814,0.988,,500,1000,0.05,0,69394004,1,5,0,0,0,0,0,494
3,exact_orbit,0.12,800,0.5,800,800,1600,fundamental,0.005592572506560423,8.948116010496676,10.17008150084105,4.178616953733068,4.4306402505242986,-3.3768734342542226,0.001,0.814,0.988,,500,1000,0.05,0,69394004,1,5,0,0,0,0,0,494
3,exact_orbit,0.12,800,0.5,800,800,1600,shared_orbit,0.005592572506560423,8.948116010496676,9.220789915415901,8.527642734855956,4.462489173139245,-2.0059772110722047,0.012,0.988,0.998,0.996,500,1000,0.05,0,69394004,1,5,0,0,0,0,0,494
3,exact_orbit,0.12,1600,0.5,1600,1600,3200,full,0.005592572506560162,17.89623202099252,19.206896982650722,12.522285254982798,6.161896983647312,-3.6923973621457673,0.002,0.984,1.0,,500,1000,0.05,0,2404927613,0,0,0,0,0,0,0,500
3,exact_orbit,0.12,1600,0.5,1600,1600,3200,fundamental,0.005592572506560423,17.896232020993352,19.206896982647805,12.522285254979879,6.161896983647321,-3.6923973621494053,0.002,0.984,1.0,,500,1000,0.05,0,2404927613,0,0,0,0,0,0,0,500
3,exact_orbit,0.12,1600,0.5,1600,1600,3200,shared_orbit,0.005592572506560423,17.896232020993352,18.199952763368426,17.506805582808482,6.186126034450227,-7.481200724819983,0.001,0.998,1.0,1.0,500,1000,0.05,0,2404927613,0,0,0,0,0,0,0,500
3,exact_orbit,0.12,3200,0.5,3200,3200,6400,full,0.005592572506560162,35.79246404198504,37.505032311527934,30.127273403300062,8.57598525316919,-4.4907602172074945,0.001,1.0,1.0,,500,1000,0.05,0,2827367828,0,0,0,0,0,0,0,500
3,exact_orbit,0.12,3200,0.5,3200,3200,6400,fundamental,0.005592572506560423,35.792464041986705,37.505032311538926,30.127273403311058,8.575985253169284,-4.4907602171984,0.001,1.0,1.0,,500,1000,0.05,0,2827367828,0,0,0,0,0,0,0,500
3,exact_orbit,0.12,3200,0.5,3200,3200,6400,shared_orbit,0.005592572506560423,35.792464041986705,36.58142472209533,35.888277541535366,8.554741939156882,-21.03504199542186,0.0,1.0,1.0,1.0,500,1000,0.05,0,2827367828,0,0,0,0,0,0,0,500
3,exact_orbit,0.18,100,0.5,100,100,200,full,0.012732699002914839,2.5465398005829676,3.7614640008496254,-0.15055900457852187,2.608304642454304,-0.652375664868253,0.029,0.404,0.498,,500,1000,0.05,0,1141508242,204,47,0,0,0,0,10,239
3,exact_orbit,0.18,100,0.5,100,100,200,fundamental,0.012732699002914849,2.54653980058297,3.7614640008497866,-0.15055900457836044,2.6083046424543026,-0.6523756648681678,0.029,0.404,0.498,,500,1000,0.05,0,1141508242,204,47,0,0,0,0,10,239
3,exact_orbit,0.18,100,0.5,100,100,200,shared_orbit,0.012732699002915071,2.546539800583014,2.909713974033193,2.216566793473248,2.6292764970222255,1.3912211980957938,0.138,0.794,0.572,0.854,500,1000,0.05,0,1141508242,204,47,0,0,0,0,10,239
3,exact_orbit,0.18,200,0.5,200,200,400,full,0.012732699002914839,5.093079601165935,6.357157580239153,1.751987394251062,3.635621897721005,-1.7580797035921778,0.008,0.662,0.838,,500,1000,0.05,0,3443711255,31,50,0,0,0,0,2,417
3,exact_orbit,0.18,200,0.5,200,200,400,fundamental,0.012732699002914849,5.09307960116594,6.357157580239107,1.7519873942510167,3.635621897720996,-1.7580797035921778,0.008,0.662,0.838,,500,1000,0.05,0,3443711255,31,50,0,0,0,0,2,417
3,exact_orbit,0.18,200,0.5,200,200,400,shared_orbit,0.012732699002915071,5.093079601166028,5.3617799388987795,4.668632758338834,3.6481796565796487,-0.03587542617031925,0.046,0.932,0.934,0.952,500,1000,0.05,0,3443711255,31,50,0,0,0,0,2,417
3,exact_orbit,0.18,400,0.5,400,400,800,full,0.012732699002914839,10.18615920233187,11.447648377801205,6.149331011253167,4.414221963122026,-2.1475038248941756,0.004,0.942,0.984,,500,1000,0.05,0,1768733986,0,8,0,0,0,0,0,492
3,exact_orbit,0.18,400,0.5,400,400,800,fundamental,0.012732699002914849,10.18615920233188,11.447648377801157,6.149331011253122,4.41422196312203,-2.147503824894403,0.004,0.942,0.984,,500,1000,0.05,0,1768733986,0,8,0,0,0,0,0,492
3,exact_orbit,0.18,400,0.5,400,400,800,shared_orbit,0.012732699002915071,10.186159202332057,10.421937014347376,9.728789833787433,4.450139193754478,-2.655711666780972,0.009,0.996,1.0,0.994,500,1000,0.05,0,1768733986,0,8,0,0,0,0,0,492
3,exact_orbit,0.18,800,0.5,800,800,1600,full,0.012732699002914839,20.37231840466374,21.11530996585605,15.123845418748074,6.159177794825371,-2.607790416452546,0.004,0.998,1.0,,500,1000,0.05,0,1601547618,0,0,0,0,0,0,0,500
3,exact_orbit,0.18,800,0.5,800,800,1600,fundamental,0.012732699002914849,20.37231840466376,21.11530996585602,15.123845418748042,6.159177794825366,-2.607790416452091,0.004,0.998,1.0,,500,1000,0.05,0,1601547618,0,0,0,0,0,0,0,500
3,exact_orbit,0.18,800,0.5,800,800,1600,shared_orbit,0.012732699002915071,20.372318404664114,20.137651140645392,19.444503960085452,6.168523540270162,-9.48964730138101,0.001,1.0,1.0,1.0,500,1000,0.05,0,1601547618,0,0,0,0,0,0,0,500
3,exact_orbit,0.18,1600,0.5,1600,1600,3200,full,0.012732699002914839,40.74463680932748,41.501981884593086,34.817370156925165,9.42928600195174,-3.587361486930332,0.0,1.0,1.0,,500,1000,0.05,0,46242847,0,0,0,0,0,0,0,500
3,exact_orbit,0.18,1600,0.5,1600,1600,3200,fundamental,0.012732699002914849,40.74463680932752,41.50198188459002,34.8173701569221,9.429286001951693,-3.587361486932606,0.0,1.0,1.0,,500,1000,0.05,0,46242847,0,0,0,0,0,0,0,500
3,exact_orbit,0.18,1600,0.5,1600,1600,3200,shared_orbit,0.012732699002915071,40.74463680932823,40.42407393049571,39.73092674993577,9.47137777686728,-25.068207474133768,0.0,1.0,1.0,1.0,500,1000,0.05,0,46242847,0,0,0,0,0,0,0,500
3,exact_orbit,0.18,3200,0.5,3200,3200,6400,full,0.012732699002914839,81.48927361865496,80.97137213318251,73.59361322495464,12.150397153201437,-4.286307079119538,0.001,1.0,1.0,,500,1000,0.05,0,3550265172,0,0,0,0,0,0,0,500
3,exact_orbit,0.18,3200,0.5,3200,3200,6400,fundamental,0.012732699002914849,81.48927361865503,80.9713721331933,73.59361322496544,12.150397153201308,-4.286307079106805,0.001,1.0,1.0,,500,1000,0.05,0,3550265172,0,0,0,0,0,0,0,500
3,exact_orbit,0.18,3200,0.5,3200,3200,6400,shared_orbit,0.012732699002915071,81.48927361865645,79.9423950970563,79.24924791649636,12.176859081767443,-59.351337338441965,0.0,1.0,1.0,1.0,500,1000,0.05,0,3550265172,0,0,0,0,0,0,0,500
3,exact_orbit,0.25,100,0.5,100,100,200,full,0.024778752048221192,4.955750409644239,5.8462708422059695,1.9342478367778222,3.0845690750126744,-0.6328152981483806,0.022,0.7,0.796,,500,1000,0.05,0,3365815007,48,54,0,0,0,0,5,393
3,exact_orbit,0.25,100,0.5,100,100,200,fundamental,0.02477875204822122,4.955750409644244,5.846270842206127,1.9342478367779803,3.0845690750126695,-0.6328152981482384,0.022,0.7,0.796,,500,1000,0.05,0,3365815007,48,54,0,0,0,0,5,393
3,exact_orbit,0.25,100,0.5,100,100,200,shared_orbit,0.02477875204822122,4.955750409644244,4.9086180960056,4.215470915445654,3.1995178300450915,0.3461608729517157,0.062,0.922,0.894,0.956,500,1000,0.05,0,3365815007,48,54,0,0,0,0,5,393
3,exact_orbit,0.25,200,0.5,200,200,400,full,0.024778752048221192,9.911500819288477,10.514861232605886,5.909691046617797,4.497424910755811,-1.4630485938373754,0.012,0.918,0.97,,500,1000,0.05,0,597300114,0,15,0,0,0,0,0,485
3,exact_orbit,0.25,200,0.5,200,200,400,fundamental,0.02477875204822122,9.911500819288488,10.514861232605824,5.909691046617735,4.497424910755813,-1.4630485938374322,0.012,0.918,0.97,,500,1000,0.05,0,597300114,0,15,0,0,0,0,0,485
3,exact_orbit,0.25,200,0.5,200,200,400,shared_orbit,0.02477875204822122,9.911500819288488,9.442745235912222,8.749598055352275,4.561892195098995,-2.6537937371936646,0.007,0.994,1.0,0.998,500,1000,0.05,0,597300114,0,15,0,0,0,0,0,485
3,exact_orbit,0.25,400,0.5,400,400,800,full,0.024778752048221192,19.823001638576955,20.896852783654097,15.598535417106056,6.206247972121956,-2.2083414890015147,0.004,1.0,1.0,,500,1000,0.05,0,3058406607,0,0,0,0,0,0,0,500
3,exact_orbit,0.25,400,0.5,400,400,800,fundamental,0.02477875204822122,19.823001638576976,20.896852783654044,15.598535417106003,6.206247972121951,-2.208341489001856,0.004,1.0,1.0,,500,1000,0.05,0,3058406607,0,0,0,0,0,0,0,500
3,exact_orbit,0.25,400,0.5,400,400,800,shared_orbit,0.02477875204822122,19.823001638576976,19.823408949425954,19.13026176886601,6.250108501382882,-9.276769501630893,0.0,1.0,1.0,1.0,500,1000,0.05,0,3058406607,0,0,0,0,0,0,0,500
3,exact_orbit,0.25,800,0.5,800,800,1600,full,0.024778752048221192,39.64600327715391,40.97856232652126,34.98709777941328,9.05607185755061,-2.949441230490394,0.002,1.0,1.0,,500,1000,0.05,0,2120986926,0,0,0,0,0,0,0,500
3,exact_orbit,0.25,800,0.5,800,800,1600,fundamental,0.02477875204822122,39.64600327715395,40.97856232652122,34.98709777941324,9.056071857550595,-2.9494412304906215,0.002,1.0,1.0,,500,1000,0.05,0,2120986926,0,0,0,0,0,0,0,500
3,exact_orbit,0.25,800,0.5,800,800,1600,shared_orbit,0.02477875204822122,39.64600327715395,39.91231923758525,39.21917205702531,9.067724504586275,-24.86586739948194,0.0,1.0,1.0,1.0,500,1000,0.05,0,2120986926,0,0,0,0,0,0,0,500
3,exact_orbit,0.25,1600,0.5,1600,1600,3200,full,0.024778752048221192,79.29200655430782,80.05263018651002,73.36801845884207,13.168692085884242,-3.5705403279759604,0.0,1.0,1.0,,500,1000,0.05,0,86041334,0,0,0,0,0,0,0,500
3,exact_orbit,0.25,1600,0.5,1600,1600,3200,fundamental,0.02477875204822122,79.2920065543079,80.05263018650695,73.36801845883902,13.168692085884189,-3.5705403279791437,0.0,1.0,1.0,,500,1000,0.05,0,86041334,0,0,0,0,0,0,0,500
3,exact_orbit,0.25,1600,0.5,1600,1600,3200,shared_orbit,0.02477875204822122,79.2920065543079,79.03966856699122,78.3465213864313,13.166759062341875,-57.531404954491165,0.0,1.0,1.0,1.0,500,1000,0.05,0,86041334,0,0,0,0,0,0,0,500
3,exact_orbit,0.25,3200,0.5,3200,3200,6400,full,0.024778752048221192,158.58401310861564,160.2111945764284,152.83343566820054,18.394972790927905,-4.565295478254953,0.0,1.0,1.0,,500,1000,0.05,0,2685378846,0,0,0,0,0,0,0,500
3,exact_orbit,0.25,3200,0.5,3200,3200,6400,fundamental,0.02477875204822122,158.5840131086158,160.2111945764394,152.83343566821154,18.394972790927824,-4.565295478243129,0.0,1.0,1.0,,500,1000,0.05,0,2685378846,0,0,0,0,0,0,0,500
3,exact_orbit,0.25,3200,0.5,3200,3200,6400,shared_orbit,0.02477875204822122,158.5840131086158,159.17826607977366,158.48511889921375,18.424291409782025,-127.03170733880944,0.0,1.0,1.0,1.0,500,1000,0.05,0,2685378846,0,0,0,0,0,0,0,500
3,independent_fundamental,0.08,100,0.5,100,100,200,full,0.0003467508345476322,0.06935016690952645,1.0772449912983153,-2.8347780141298315,1.1025384821025428,-0.9352421157479904,0.02,0.034,0.064,,500,1000,0.05,0,3561740370,452,16,0,0,0,0,4,28
3,independent_fundamental,0.08,100,0.5,100,100,200,fundamental,0.00034675083454760447,0.0693501669095209,1.0772449912984763,-2.834778014129671,1.1025384821025397,-0.9352421157477631,0.02,0.034,0.064,,500,1000,0.05,0,3561740370,452,16,0,0,0,0,4,28
3,independent_fundamental,0.08,100,0.5,100,100,200,shared_orbit,-0.0006750371434260938,-0.13500742868521876,0.26568581486803006,-0.42746136569191534,1.4467122338793197,1.5115099895847965,0.281,0.328,0.088,,500,1000,0.05,0,3561740370,452,16,0,0,0,0,4,28
3,independent_fundamental,0.08,200,0.5,200,200,400,full,0.0003467508345476322,0.1387003338190529,1.1633064997088518,-3.4418636862792398,1.0776812259770299,-1.6624840579160223,0.009,0.016,0.084,,500,1000,0.05,0,3034191563,449,9,0,0,0,0,8,34
3,independent_fundamental,0.08,200,0.5,200,200,400,fundamental,0.00034675083454760447,0.1387003338190418,1.1633064997088094,-3.441863686279282,1.077681225977028,-1.662484057916136,0.009,0.016,0.084,,500,1000,0.05,0,3034191563,449,9,0,0,0,0,8,34
3,independent_fundamental,0.08,200,0.5,200,200,400,shared_orbit,-0.0006750371434260938,-0.2700148573704375,0.18076490993166977,-0.5123822706282756,1.4662677309260046,1.5107146680293244,0.228,0.292,0.086,,500,1000,0.05,0,3034191563,449,9,0,0,0,0,8,34
3,independent_fundamental,0.08,400,0.5,400,400,800,full,0.0003467508345476322,0.2774006676381058,1.33353735872304,-3.9647800078249955,1.258334150363153,-2.4966439233991933,0.002,0.016,0.106,,500,1000,0.05,0,3981586720,421,26,0,0,0,0,12,41
3,independent_fundamental,0.08,400,0.5,400,400,800,fundamental,0.00034675083454760447,0.2774006676380836,1.3335373587230117,-3.964780007825024,1.258334150363151,-2.4966439233990796,0.002,0.016,0.106,,500,1000,0.05,0,3981586720,421,26,0,0,0,0,12,41
3,independent_fundamental,0.08,400,0.5,400,400,800,shared_orbit,-0.0006750371434260938,-0.540029714740875,-0.08627793418491046,-0.7794251147448559,1.8854910995756833,1.0325294665298674,0.152,0.3,0.134,,500,1000,0.05,0,3981586720,421,26,0,0,0,0,12,41
3,independent_fundamental,0.08,800,0.5,800,800,1600,full,0.0003467508345476322,0.5548013352762116,1.6269234156549268,-4.364541131453055,1.5177134601627196,-2.826005930893545,0.007,0.018,0.142,,500,1000,0.05,0,4169823954,385,44,0,0,0,0,15,56
3,independent_fundamental,0.08,800,0.5,800,800,1600,fundamental,0.00034675083454760447,0.5548013352761672,1.626923415654824,-4.364541131453158,1.5177134601627065,-2.8260059308939995,0.007,0.018,0.142,,500,1000,0.05,0,4169823954,385,44,0,0,0,0,15,56
3,independent_fundamental,0.08,800,0.5,800,800,1600,shared_orbit,-0.0006750371434260938,-1.08005942948175,-0.848062013108491,-1.5412091936684365,2.9161256164586535,0.4687944869526196,0.069,0.254,0.2,,500,1000,0.05,0,4169823954,385,44,0,0,0,0,15,56
3,independent_fundamental,0.08,1600,0.5,1600,1600,3200,full,0.0003467508345476322,1.1096026705524231,2.175747066860943,-4.508864660806984,1.7355820359592595,-3.8264725828582424,0.001,0.022,0.274,,500,1000,0.05,0,993611724,273,90,0,0,0,0,33,104
3,independent_fundamental,0.08,1600,0.5,1600,1600,3200,fundamental,0.00034675083454760447,1.1096026705523343,2.1757470668578764,-4.508864660810051,1.7355820359592753,-3.826472582860516,0.001,0.022,0.274,,500,1000,0.05,0,993611724,273,90,0,0,0,0,33,104
3,independent_fundamental,0.08,1600,0.5,1600,1600,3200,shared_orbit,-0.0006750371434260938,-2.1601188589635,-1.9593288454585363,-2.652476026018482,3.6242925405196753,-1.5029893317767442,0.015,0.22,0.388,,500,1000,0.05,0,993611724,273,90,0,0,0,0,33,104
3,independent_fundamental,0.08,3200,0.5,3200,3200,6400,full,0.0003467508345476322,2.2192053411048462,3.2938908040120114,-4.083868104215864,2.369028297221199,-4.535091794685755,0.002,0.06,0.51,,500,1000,0.05,0,2473695690,147,98,0,0,0,0,40,215
3,independent_fundamental,0.08,3200,0.5,3200,3200,6400,fundamental,0.00034675083454760447,2.2192053411046686,3.293890804022587,-4.083868104205289,2.3690282972212637,-4.535091794674841,0.002,0.06,0.51,,500,1000,0.05,0,2473695690,147,98,0,0,0,0,40,215
3,independent_fundamental,0.08,3200,0.5,3200,3200,6400,shared_orbit,-0.0006750371434260938,-4.320237717927,-4.13873218206748,-4.831879362627427,5.147037931814004,-6.337630753937274,0.001,0.17,0.626,,500,1000,0.05,0,2473695690,147,98,0,0,0,0,40,215
3,independent_fundamental,0.12,100,0.5,100,100,200,full,0.0007828220235494175,0.1565644047098835,1.189110125649365,-2.722912879778782,1.2043515405760494,-1.0343335260255566,0.01,0.04,0.092,,500,1000,0.05,0,2683081241,439,15,0,0,0,0,13,33
3,independent_fundamental,0.12,100,0.5,100,100,200,fundamental,0.000782822023549512,0.1565644047099024,1.1891101256495271,-2.7229128797786197,1.2043515405760488,-1.0343335260254145,0.01,0.04,0.092,,500,1000,0.05,0,2683081241,439,15,0,0,0,0,13,33
3,independent_fundamental,0.12,100,0.5,100,100,200,shared_orbit,-0.0015396065463229025,-0.3079213092645805,0.053861040157641864,-0.6392861404023036,1.7068543599254988,1.4107652557798094,0.207,0.316,0.096,,500,1000,0.05,0,2683081241,439,15,0,0,0,0,13,33
3,independent_fundamental,0.12,200,0.5,200,200,400,full,0.0007828220235494175,0.313128809419767,1.4282557051881426,-3.1769144807999488,1.4105349479589067,-1.275910138512093,0.016,0.038,0.084,,500,1000,0.05,0,3019269296,432,26,0,0,0,0,12,30
3,independent_fundamental,0.12,200,0.5,200,200,400,fundamental,0.000782822023549512,0.3131288094198048,1.428255705188099,-3.1769144807999923,1.410534947958906,-1.2759101385121498,0.016,0.038,0.084,,500,1000,0.05,0,3019269296,432,26,0,0,0,0,12,30
3,independent_fundamental,0.12,200,0.5,200,200,400,shared_orbit,-0.0015396065463229025,-0.615842618529161,-0.15214288300607723,-0.8452900635660225,2.060173109793314,1.4251273019837658,0.17,0.296,0.112,,500,1000,0.05,0,3019269296,432,26,0,0,0,0,12,30
3,independent_fundamental,0.12,400,0.5,400,400,800,full,0.0007828220235494175,0.626257618839534,1.6931951481189391,-3.6051222184290963,1.5519817822977753,-2.3689910058670476,0.004,0.044,0.194,,500,1000,0.05,0,1763785136,361,42,0,0,0,0,27,70
3,independent_fundamental,0.12,400,0.5,400,400,800,fundamental,0.000782822023549512,0.6262576188396096,1.6931951481188867,-3.605122218429149,1.5519817822977715,-2.3689910058670476,0.004,0.044,0.194,,500,1000,0.05,0,1763785136,361,42,0,0,0,0,27,70
3,independent_fundamental,0.12,400,0.5,400,400,800,shared_orbit,-0.0015396065463229025,-1.231685237058322,-0.8861469501242789,-1.5792941306842243,2.642102161063754,0.16241317401460453,0.057,0.254,0.224,,500,1000,0.05,0,1763785136,361,42,0,0,0,0,27,70
3,independent_fundamental,0.12,800,0.5,800,800,1600,full,0.0007828220235494175,1.252515237679068,2.366454239073605,-3.6250103080343767,1.9347843190246208,-3.1200733510360275,0.003,0.054,0.308,,500,1000,0.05,0,2298068575,228,118,0,0,0,0,28,126
3,independent_fundamental,0.12,800,0.5,800,800,1600,fundamental,0.000782822023549512,1.2525152376792192,2.3664542390734877,-3.625010308034494,1.9347843190246294,-3.1200733510360275,0.003,0.054,0.308,,500,1000,0.05,0,2298068575,228,118,0,0,0,0,28,126
3,independent_fundamental,0.12,800,0.5,800,800,1600,shared_orbit,-0.0015396065463229025,-2.463370474116644,-2.1055453003184526,-2.798692480878399,3.775238768898569,-2.310337701695344,0.011,0.214,0.488,,500,1000,0.05,0,2298068575,228,118,0,0,0,0,28,126
3,independent_fundamental,0.12,1600,0.5,1600,1600,3200,full,0.0007828220235494175,2.505030475358136,3.381047990750589,-3.3035637369173383,2.4485338179936473,-3.5712713011086645,0.001,0.096,0.456,,500,1000,0.05,0,956779774,133,139,0,0,0,0,31,197
3,independent_fundamental,0.12,1600,0.5,1600,1600,3200,fundamental,0.000782822023549512,2.5050304753584385,3.3810479907474003,-3.303563736920527,2.448533817993624,-3.5712713011118478,0.001,0.096,0.456,,500,1000,0.05,0,956779774,133,139,0,0,0,0,31,197
3,independent_fundamental,0.12,1600,0.5,1600,1600,3200,shared_orbit,-0.0015396065463229025,-4.926740948233288,-4.900233538419416,-5.593380718979361,5.041640540194678,-7.274395384943373,0.0,0.106,0.672,,500,1000,0.05,0,956779774,133,139,0,0,0,0,31,197
3,independent_fundamental,0.12,3200,0.5,3200,3200,6400,full,0.0007828220235494175,5.010060950716272,6.134844146310777,-1.2429147619170977,3.2281048727530957,-4.192314645180446,0.0,0.324,0.808,,500,1000,0.05,0,3098975684,18,78,0,0,0,0,26,378
3,independent_fundamental,0.12,3200,0.5,3200,3200,6400,fundamental,0.000782822023549512,5.010060950716877,6.13484414632147,-1.2429147619064056,3.22810487275304,-4.19231464517226,0.0,0.324,0.808,,500,1000,0.05,0,3098975684,18,78,0,0,0,0,26,378
3,independent_fundamental,0.12,3200,0.5,3200,3200,6400,shared_orbit,-0.0015396065463229025,-9.853481896466576,-9.384937391549006,-10.07808457210895,7.413978502877132,-20.188797049690773,0.0,0.086,0.912,,500,1000,0.05,0,3098975684,18,78,0,0,0,0,26,378
3,independent_fundamental,0.18,100,0.5,100,100,200,full,0.001766520754085627,0.3533041508171254,1.3430207903320492,-2.5690022150960976,1.35257427897231,-0.9245066634576853,0.018,0.048,0.096,,500,1000,0.05,0,3894666135,422,30,0,0,0,0,13,35
3,independent_fundamental,0.18,100,0.5,100,100,200,fundamental,0.0017665207540860095,0.3533041508172019,1.3430207903322062,-2.569002215095941,1.352574278972307,-0.9245066634575432,0.018,0.048,0.096,,500,1000,0.05,0,3894666135,422,30,0,0,0,0,13,35
3,independent_fundamental,0.18,100,0.5,100,100,200,shared_orbit,-0.0035270353394483145,-0.7054070678896629,-0.37072885080234896,-1.0638760313622944,2.110382914163486,0.8818998585086907,0.104,0.276,0.13,,500,1000,0.05,0,3894666135,422,30,0,0,0,0,13,35
3,independent_fundamental,0.18,200,0.5,200,200,400,full,0.001766520754085627,0.7066083016342508,1.9800523049456138,-2.6251178810424776,1.725338575413161,-1.8847844842572572,0.01,0.072,0.268,,500,1000,0.05,0,3295603536,320,46,0,0,0,0,40,94
3,independent_fundamental,0.18,200,0.5,200,200,400,fundamental,0.0017665207540860095,0.7066083016344038,1.9800523049455687,-2.625117881042522,1.7253385754131552,-1.8847844842573709,0.01,0.072,0.268,,500,1000,0.05,0,3295603536,320,46,0,0,0,0,40,94
3,independent_fundamental,0.18,200,0.5,200,200,400,shared_orbit,-0.0035270353394483145,-1.4108141357793258,-0.8748177423799475,-1.5679649229398929,2.7902106862675256,-0.03945170408991128,0.049,0.272,0.28,,500,1000,0.05,0,3295603536,320,46,0,0,0,0,40,94
3,independent_fundamental,0.18,400,0.5,400,400,800,full,0.001766520754085627,1.4132166032685016,2.3808606011369906,-2.9174567654110453,1.8447572862494976,-2.2898838378557285,0.007,0.082,0.294,,500,1000,0.05,0,3122612329,276,77,0,0,0,0,33,114
3,independent_fundamental,0.18,400,0.5,400,400,800,fundamental,0.0017665207540860095,1.4132166032688076,2.3808606011369067,-2.917456765411129,1.8447572862494999,-2.289883837855842,0.007,0.082,0.294,,500,1000,0.05,0,3122612329,276,77,0,0,0,0,33,114
3,independent_fundamental,0.18,400,0.5,400,400,800,shared_orbit,-0.0035270353394483145,-2.8216282715586516,-2.7032966118902197,-3.396443792450165,3.7517784109119847,-2.2979370115676243,0.008,0.174,0.382,,500,1000,0.05,0,3122612329,276,77,0,0,0,0,33,114
3,independent_fundamental,0.18,800,0.5,800,800,1600,full,0.001766520754085627,2.8264332065370033,3.7878183235723055,-2.2036462235356757,2.4985443689401343,-2.981290898996023,0.008,0.178,0.566,,500,1000,0.05,0,1054119939,112,105,0,0,0,0,35,248
3,independent_fundamental,0.18,800,0.5,800,800,1600,fundamental,0.0017665207540860095,2.826433206537615,3.7878183235721417,-2.2036462235358396,2.4985443689401436,-2.981290898995568,0.008,0.178,0.566,,500,1000,0.05,0,1054119939,112,105,0,0,0,0,35,248
3,independent_fundamental,0.18,800,0.5,800,800,1600,shared_orbit,-0.0035270353394483145,-5.643256543117303,-5.8324767068191905,-6.525623887379135,5.631357918485803,-9.269350226103198,0.0,0.108,0.706,,500,1000,0.05,0,1054119939,112,105,0,0,0,0,35,248
3,independent_fundamental,0.18,1600,0.5,1600,1600,3200,full,0.001766520754085627,5.6528664130740065,6.832351126026743,0.14773939835881694,3.725136550506632,-3.531543396431699,0.0,0.452,0.838,,500,1000,0.05,0,3058959131,13,68,0,0,0,0,11,408
3,independent_fundamental,0.18,1600,0.5,1600,1600,3200,fundamental,0.0017665207540860095,5.65286641307523,6.832351126023529,0.14773939835560188,3.7251365505065763,-3.5315433964348824,0.0,0.452,0.838,,500,1000,0.05,0,3058959131,13,68,0,0,0,0,11,408
3,independent_fundamental,0.18,1600,0.5,1600,1600,3200,shared_orbit,-0.0035270353394483145,-11.286513086234606,-11.053766812324877,-11.746913992884823,8.298103540502867,-25.381229097688273,0.0,0.08,0.952,,500,1000,0.05,0,3058959131,13,68,0,0,0,0,11,408
3,independent_fundamental,0.18,3200,0.5,3200,3200,6400,full,0.001766520754085627,11.305732826148013,12.310743589929134,4.932984681701258,4.921740989638502,-4.366764253170473,0.0,0.858,0.994,,500,1000,0.05,0,1949095525,0,3,0,0,0,0,1,496
3,independent_fundamental,0.18,3200,0.5,3200,3200,6400,fundamental,0.0017665207540860095,11.30573282615046,12.31074358993979,4.932984681711914,4.921740989638393,-4.366764253159559,0.0,0.858,0.994,,500,1000,0.05,0,1949095525,0,3,0,0,0,0,1,496
3,independent_fundamental,0.18,3200,0.5,3200,3200,6400,shared_orbit,-0.0035270353394483145,-22.573026172469213,-22.97592689623121,-23.669074076791155,10.6719595838704,-58.52435933515682,0.0,0.016,0.998,,500,1000,0.05,0,1949095525,0,3,0,0,0,0,1,496
3,independent_fundamental,0.25,100,0.5,100,100,200,full,0.00340761762554981,0.681523525109962,1.734456338437112,-2.177566666991035,1.7363724382082422,-0.9418080988412152,0.021,0.104,0.176,,500,1000,0.05,0,3949715744,358,54,0,0,0,0,22,66
3,independent_fundamental,0.25,100,0.5,100,100,200,fundamental,0.0034076176255497526,0.6815235251099505,1.734456338437276,-2.177566666990871,1.7363724382082404,-0.9418080988410447,0.021,0.104,0.176,,500,1000,0.05,0,3949715744,358,54,0,0,0,0,22,66
3,independent_fundamental,0.25,100,0.5,100,100,200,shared_orbit,-0.00692288908867611,-1.384577817735222,-1.0906783381397476,-1.7838255186996932,2.896838678107022,-0.03210923715030656,0.049,0.234,0.24,,500,1000,0.05,0,3949715744,358,54,0,0,0,0,22,66
3,independent_fundamental,0.25,200,0.5,200,200,400,full,0.00340761762554981,1.363047050219924,2.5585973277560456,-2.0465728582320453,2.1642663705038965,-1.665235479242786,0.01,0.15,0.326,,500,1000,0.05,0,2951424920,234,103,0,0,0,0,30,133
3,independent_fundamental,0.25,200,0.5,200,200,400,fundamental,0.0034076176255497526,1.363047050219901,2.558597327756006,-2.0465728582320852,2.1642663705038974,-1.665235479242729,0.01,0.15,0.326,,500,1000,0.05,0,2951424920,234,103,0,0,0,0,30,133
3,independent_fundamental,0.25,200,0.5,200,200,400,shared_orbit,-0.00692288908867611,-2.769155635470444,-2.4311025206725176,-3.1242497012324635,3.949001508234068,-2.987159258915481,0.006,0.21,0.472,,500,1000,0.05,0,2951424920,234,103,0,0,0,0,30,133
3,independent_fundamental,0.25,400,0.5,400,400,800,full,0.00340761762554981,2.726094100439848,3.751898035859387,-1.5464193306886491,2.4880421428097788,-2.0998789931642987,0.007,0.234,0.52,,500,1000,0.05,0,3634017434,131,109,0,0,0,0,32,228
3,independent_fundamental,0.25,400,0.5,400,400,800,fundamental,0.0034076176255497526,2.726094100439802,3.7518980358593006,-1.5464193306887357,2.488042142809772,-2.099878993164526,0.007,0.234,0.52,,500,1000,0.05,0,3634017434,131,109,0,0,0,0,32,228
3,independent_fundamental,0.25,400,0.5,400,400,800,shared_orbit,-0.00692288908867611,-5.538311270940888,-5.45091043838935,-6.1440576189492955,5.489649337268775,-8.949777452307954,0.001,0.14,0.674,,500,1000,0.05,0,3634017434,131,109,0,0,0,0,32,228
3,independent_fundamental,0.25,800,0.5,800,800,1600,full,0.00340761762554981,5.452188200879696,6.501736515577195,0.510271968469213,3.557494950493157,-2.9233922558124883,0.003,0.514,0.834,,500,1000,0.05,0,1222775611,21,62,0,0,0,0,7,410
3,independent_fundamental,0.25,800,0.5,800,800,1600,fundamental,0.0034076176255497526,5.452188200879604,6.50173651557705,0.5102719684690684,3.5574949504931497,-2.9233922558127157,0.003,0.514,0.834,,500,1000,0.05,0,1222775611,21,62,0,0,0,0,7,410
3,independent_fundamental,0.25,800,0.5,800,800,1600,shared_orbit,-0.00692288908867611,-11.076622541881775,-11.303478483762559,-11.996625664322506,7.863552556952302,-24.138845996221843,0.0,0.068,0.944,,500,1000,0.05,0,1222775611,21,62,0,0,0,0,7,410
3,independent_fundamental,0.25,1600,0.5,1600,1600,3200,full,0.00340761762554981,10.904376401759391,11.77428023344919,5.089668505781263,4.718700431745592,-3.4340767843406876,0.004,0.874,0.992,,500,1000,0.05,0,2021410029,0,4,0,0,0,0,1,495
3,independent_fundamental,0.25,1600,0.5,1600,1600,3200,fundamental,0.0034076176255497526,10.904376401759208,11.774280233446119,5.089668505778192,4.7187004317455346,-3.4340767843443256,0.004,0.874,0.992,,500,1000,0.05,0,2021410029,0,4,0,0,0,0,1,495
3,independent_fundamental,0.25,1600,0.5,1600,1600,3200,shared_orbit,-0.00692288908867611,-22.15324508376355,-22.852935572694435,-23.54608275325438,10.65583381527264,-57.56743815740475,0.0,0.014,0.998,,500,1000,0.05,0,2021410029,0,4,0,0,0,0,1,495
3,independent_fundamental,0.25,3200,0.5,3200,3200,6400,full,0.00340761762554981,21.808752803518782,22.82086601032516,15.443107102097288,6.34051576646229,-4.377832847746063,0.0,1.0,1.0,,500,1000,0.05,0,1985803437,0,0,0,0,0,0,0,500
3,independent_fundamental,0.25,3200,0.5,3200,3200,6400,fundamental,0.0034076176255497526,21.808752803518416,22.82086601033615,15.443107102108279,6.3405157664621585,-4.377832847735149,0.0,1.0,1.0,,500,1000,0.05,0,1985803437,0,0,0,0,0,0,0,500
3,independent_fundamental,0.25,3200,0.5,3200,3200,6400,shared_orbit,-0.00692288908867611,-44.3064901675271,-45.13090226902442,-45.82404944958435,16.270181547492594,-126.55665228137951,0.0,0.004,1.0,,500,1000,0.05,0,1985803437,0,0,0,0,0,0,0,500
4,exact_orbit,0.08,100,0.5,100,100,200,full,0.0015974436359439542,0.31948872718879084,1.8297065877351661,-4.038327920407056,1.5096981396200302,-2.060103552551885,0.008,0.022,0.114,,500,1000,0.05,0,3214386764,419,9,2,13,15,1,3,38
4,exact_orbit,0.08,100,0.5,100,100,200,fundamental,0.0015974436359436073,0.31948872718872146,1.332781328099874,-2.579241677328273,1.3075342604283233,-0.9672348811824003,0.023,0.056,0.112,,500,1000,0.05,0,3214386764,419,9,2,13,15,1,3,38
4,exact_orbit,0.08,100,0.5,100,100,200,shared_orbit,0.0015974436359436073,0.31948872718872146,0.8148091725445586,-0.28380311612355114,1.3413100146023724,1.2206469710840768,0.208,0.322,0.122,0.502,500,1000,0.05,0,3214386764,419,9,2,13,15,1,3,38
4,exact_orbit,0.08,200,0.5,200,200,400,full,0.0015974436359439542,0.6389774543775817,2.2261556613804023,-4.6815996176017345,1.7150558972378331,-3.0839401250839558,0.001,0.02,0.148,,500,1000,0.05,0,2630563195,401,8,5,12,11,1,5,57
4,exact_orbit,0.08,200,0.5,200,200,400,fundamental,0.0015974436359436073,0.6389774543774429,1.6882651034974578,-2.9169050824906333,1.4855297466507476,-1.5147599236217006,0.005,0.054,0.158,,500,1000,0.05,0,2630563195,401,8,5,12,11,1,5,57
4,exact_orbit,0.08,200,0.5,200,200,400,shared_orbit,0.0015974436359436073,0.6389774543774429,1.08218961983813,-0.016422668829979784,1.5421437149027668,1.3049373242873206,0.196,0.416,0.156,0.616,500,1000,0.05,0,2630563195,401,8,5,12,11,1,5,57
4,exact_orbit,0.08,400,0.5,400,400,800,full,0.0015974436359439542,1.2779549087551634,2.700772197074768,-5.246703852747287,2.0215244451981227,-3.9384370147446326,0.0,0.026,0.216,,500,1000,0.05,0,348051784,338,24,7,23,7,4,3,94
4,exact_orbit,0.08,400,0.5,400,400,800,fundamental,0.0015974436359436073,1.2779549087548858,2.1957833770995134,-3.1025339894485224,1.941724672632803,-2.1705199164608358,0.003,0.064,0.254,,500,1000,0.05,0,348051784,338,24,7,23,7,4,3,94
4,exact_orbit,0.08,400,0.5,400,400,800,shared_orbit,0.0015974436359436073,1.2779549087548858,1.4736991121966572,0.3750868235285472,2.0415992864905017,1.1630154958370984,0.137,0.486,0.29,0.728,500,1000,0.05,0,348051784,338,24,7,23,7,4,3,94
4,exact_orbit,0.08,800,0.5,800,800,1600,full,0.0015974436359439542,2.5559098175103268,4.017984745749155,-4.969212074912817,2.520841733832962,-5.020414038772595,0.001,0.044,0.444,,500,1000,0.05,0,1129849888,175,47,4,52,7,5,4,206
4,exact_orbit,0.08,800,0.5,800,800,1600,fundamental,0.0015974436359436073,2.5559098175097716,3.529506591130108,-2.4619579559778737,2.384806101538814,-3.006861985226707,0.006,0.134,0.532,,500,1000,0.05,0,1129849888,175,47,4,52,7,5,4,206
4,exact_orbit,0.08,800,0.5,800,800,1600,shared_orbit,0.0015974436359436073,2.5559098175097716,2.686614318576905,1.5880020299087954,2.4975161373004955,0.7231459418192661,0.1,0.73,0.62,0.83,500,1000,0.05,0,1129849888,175,47,4,52,7,5,4,206
4,exact_orbit,0.08,1600,0.5,1600,1600,3200,full,0.0015974436359439542,5.1118196350206535,6.4151054097082065,-3.6118121817936806,3.348857218492498,-6.023909569316903,0.001,0.138,0.758,,500,1000,0.05,0,2811422237,38,62,2,19,3,6,0,370
4,exact_orbit,0.08,1600,0.5,1600,1600,3200,fundamental,0.0015974436359436073,5.111819635019543,5.911938699756156,-0.7726730279117703,3.2757239753274194,-3.510469818177354,0.001,0.346,0.782,,500,1000,0.05,0,2811422237,38,62,2,19,3,6,0,370
4,exact_orbit,0.08,1600,0.5,1600,1600,3200,shared_orbit,0.0015974436359436073,5.111819635019543,4.950760888918498,3.852148600250388,3.3280067517369374,-0.2856327799874545,0.039,0.892,0.914,0.96,500,1000,0.05,0,2811422237,38,62,2,19,3,6,0,370
4,exact_orbit,0.08,3200,0.5,3200,3200,6400,full,0.0015974436359439542,10.223639270041307,11.498516413455542,0.4318780511137289,4.81169653480497,-7.173279951269045,0.0,0.5,0.98,,500,1000,0.05,0,3669995875,2,3,0,5,0,1,0,489
4,exact_orbit,0.08,3200,0.5,3200,3200,6400,fundamental,0.0015974436359436073,10.223639270039087,10.988798693379394,3.6110397851515197,4.768285885141341,-4.523091078076064,0.0,0.764,0.988,,500,1000,0.05,0,3669995875,2,3,0,5,0,1,0,489
4,exact_orbit,0.08,3200,0.5,3200,3200,6400,shared_orbit,0.0015974436359436073,10.223639270039087,9.985323951137449,8.88671166246934,4.776944832708253,-2.780101806378471,0.009,0.98,0.996,0.996,500,1000,0.05,0,3669995875,2,3,0,5,0,1,0,489
4,exact_orbit,0.12,100,0.5,100,100,200,full,0.003587081345475359,0.7174162690950718,2.2578041155302255,-3.610230392611997,1.8161667889472768,-1.8999515180435704,0.009,0.046,0.154,,500,1000,0.05,0,4190121846,401,8,6,8,16,2,5,54
4,exact_orbit,0.12,100,0.5,100,100,200,fundamental,0.0035870813454754735,0.7174162690950947,1.6916762671809538,-2.220346738247193,1.6491824616322643,-0.8381600194769812,0.024,0.098,0.146,,500,1000,0.05,0,4190121846,401,8,6,8,16,2,5,54
4,exact_orbit,0.12,100,0.5,100,100,200,shared_orbit,0.0035870813454754735,0.7174162690950947,1.0542468817280168,-0.04436540694009298,1.6818775683572353,1.3729503635600484,0.183,0.416,0.144,0.57,500,1000,0.05,0,4190121846,401,8,6,8,16,2,5,54
4,exact_orbit,0.12,200,0.5,200,200,400,full,0.003587081345475359,1.4348325381901437,2.91886535594623,-3.9888899230359067,2.2024743215737987,-3.0834479976206524,0.003,0.06,0.262,,500,1000,0.05,0,248054149,296,25,3,45,15,1,1,114
4,exact_orbit,0.12,200,0.5,200,200,400,fundamental,0.0035870813454754735,1.4348325381901894,2.411635356879428,-2.1935348291086627,2.0637363287115855,-1.6618922922620145,0.006,0.126,0.326,,500,1000,0.05,0,248054149,296,25,3,45,15,1,1,114
4,exact_orbit,0.12,200,0.5,200,200,400,shared_orbit,0.0035870813454754735,1.4348325381901894,1.6849343692750156,0.5863220806069057,2.1293921278735146,1.0781501364684207,0.134,0.568,0.37,0.742,500,1000,0.05,0,248054149,296,25,3,45,15,1,1,114
4,exact_orbit,0.12,400,0.5,400,400,800,full,0.003587081345475359,2.8696650763802873,4.541034332756201,-3.4064417170658534,2.8050968754046264,-4.06599623129102,0.002,0.104,0.538,,500,1000,0.05,0,2651981640,136,54,8,33,3,3,9,254
4,exact_orbit,0.12,400,0.5,400,400,800,fundamental,0.0035870813454754735,2.869665076380379,4.065895335106494,-1.2324220314415424,2.7049486279458437,-2.3700583553864645,0.007,0.262,0.608,,500,1000,0.05,0,2651981640,136,54,8,33,3,3,9,254
4,exact_orbit,0.12,400,0.5,400,400,800,shared_orbit,0.0035870813454754735,2.869665076380379,3.212151071473891,2.1135387828057803,2.743331630227199,0.6395577725366455,0.082,0.78,0.688,0.862,500,1000,0.05,0,2651981640,136,54,8,33,3,3,9,254
4,exact_orbit,0.12,800,0.5,800,800,1600,full,0.003587081345475359,5.739330152760575,7.4154565943476936,-1.571740226314279,3.5345839835482686,-4.915974170729294,0.0,0.298,0.838,,500,1000,0.05,0,452374243,22,33,2,24,0,3,1,415
4,exact_orbit,0.12,800,0.5,800,800,1600,fundamental,0.0035870813454754735,5.739330152760758,6.9465329326209115,0.9550683855129298,3.510820223735122,-2.918082838464117,0.002,0.55,0.884,,500,1000,0.05,0,452374243,22,33,2,24,0,3,1,415
4,exact_orbit,0.12,800,0.5,800,800,1600,shared_orbit,0.0035870813454754735,5.739330152760758,5.978722630605892,4.880110341937783,3.560869684117196,-0.624300453144033,0.027,0.912,0.95,0.956,500,1000,0.05,0,452374243,22,33,2,24,0,3,1,415
4,exact_orbit,0.12,1600,0.5,1600,1600,3200,full,0.003587081345475359,11.47866030552115,13.245447552864263,3.2185299613623757,5.20766501851653,-6.088830485039626,0.0,0.714,0.984,,500,1000,0.05,0,1430597957,0,5,0,3,0,0,0,492
4,exact_orbit,0.12,1600,0.5,1600,1600,3200,fundamental,0.0035870813454754735,11.478660305521515,12.738908303563052,6.054296575895125,5.149080039208692,-3.7397058814828608,0.001,0.898,0.99,,500,1000,0.05,0,1430597957,0,5,0,3,0,0,0,492
4,exact_orbit,0.12,1600,0.5,1600,1600,3200,shared_orbit,0.0035870813454754735,11.478660305521515,11.733123298524749,10.63451100985664,5.068383219994229,-3.4664271533285413,0.006,0.99,1.0,0.994,500,1000,0.05,0,1430597957,0,5,0,3,0,0,0,492
4,exact_orbit,0.12,3200,0.5,3200,3200,6400,full,0.003587081345475359,22.9573206110423,25.342417637881734,14.275779275539918,6.838326106077233,-7.25980007233445,0.0,0.994,1.0,,500,1000,0.05,0,3189700853,0,0,0,0,0,0,0,500
4,exact_orbit,0.12,3200,0.5,3200,3200,6400,fundamental,0.0035870813454754735,22.95732061104303,24.851417795522433,17.473658887294565,6.768174442610836,-4.4674918698733705,0.0,0.998,1.0,,500,1000,0.05,0,3189700853,0,0,0,0,0,0,0,500
4,exact_orbit,0.12,3200,0.5,3200,3200,6400,shared_orbit,0.0035870813454754735,22.95732061104303,23.909416787622444,22.810804498954333,6.691295362830771,-11.13185026485934,0.0,1.0,1.0,1.0,500,1000,0.05,0,3189700853,0,0,0,0,0,0,0,500
4,exact_orbit,0.18,100,0.5,100,100,200,full,0.008034859161396372,1.6069718322792743,3.1520741839128994,-2.7159603242293224,2.266739611439731,-2.1153313636758124,0.006,0.118,0.324,,500,1000,0.05,0,604105206,267,29,5,37,14,2,1,145
4,exact_orbit,0.18,100,0.5,100,100,200,fundamental,0.008034859161396346,1.6069718322792692,2.6489120306825216,-1.2631109747456253,2.170747592867062,-1.1690572618121218,0.012,0.218,0.376,,500,1000,0.05,0,604105206,267,29,5,37,14,2,1,145
4,exact_orbit,0.18,100,0.5,100,100,200,shared_orbit,0.008034859161396346,1.6069718322792692,1.8920019160766188,0.7933896274085089,2.201401055005829,0.9010700995459591,0.124,0.606,0.426,0.804,500,1000,0.05,0,604105206,267,29,5,37,14,2,1,145
4,exact_orbit,0.18,200,0.5,200,200,400,full,0.008034859161396372,3.2139436645585486,4.5230336475737944,-2.3847216314083424,2.5924769118806408,-3.1085751149240934,0.001,0.18,0.544,,500,1000,0.05,0,1563635273,117,63,6,42,6,5,7,254
4,exact_orbit,0.18,200,0.5,200,200,400,fundamental,0.008034859161396346,3.2139436645585384,4.0089880957272515,-0.5961820902608395,2.543548376874503,-1.7967216137011706,0.008,0.38,0.618,,500,1000,0.05,0,1563635273,117,63,6,42,6,5,7,254
4,exact_orbit,0.18,200,0.5,200,200,400,shared_orbit,0.008034859161396346,3.2139436645585384,3.1483715526305223,2.0497592639624127,2.6769228661920836,0.23498366587915354,0.071,0.76,0.728,0.914,500,1000,0.05,0,1563635273,117,63,6,42,6,5,7,254
4,exact_orbit,0.18,400,0.5,400,400,800,full,0.008034859161396372,6.427887329117097,7.861090100622949,-0.08638594919910574,3.716906380479293,-4.1228365349753595,0.001,0.432,0.86,,500,1000,0.05,0,2095623961,14,24,1,31,0,0,4,426
4,exact_orbit,0.18,400,0.5,400,400,800,fundamental,0.008034859161396346,6.427887329117077,7.375937857733622,2.0776204911855856,3.6746920351642642,-2.3665764080661402,0.003,0.688,0.924,,500,1000,0.05,0,2095623961,14,24,1,31,0,0,4,426
4,exact_orbit,0.18,400,0.5,400,400,800,shared_orbit,0.008034859161396346,6.427887329117077,6.331050130974141,5.232437842306032,3.7306752735417006,-0.9785232827322854,0.021,0.928,0.962,0.978,500,1000,0.05,0,2095623961,14,24,1,31,0,0,4,426
4,exact_orbit,0.18,800,0.5,800,800,1600,full,0.008034859161396372,12.855774658234195,14.722630863634906,5.735434042972932,5.584909373401264,-5.078113557290033,0.0,0.838,0.994,,500,1000,0.05,0,2437907513,0,0,0,3,0,0,0,497
4,exact_orbit,0.18,800,0.5,800,800,1600,fundamental,0.008034859161396346,12.855774658234154,14.19343847028798,8.201973923179997,5.5796388106062595,-3.0313763326525,0.003,0.95,1.0,,500,1000,0.05,0,2437907513,0,0,0,3,0,0,0,497
4,exact_orbit,0.18,800,0.5,800,800,1600,shared_orbit,0.008034859161396346,12.855774658234154,13.176869569570485,12.078257280902374,5.538964390265872,-4.808570799416603,0.002,0.994,1.0,0.996,500,1000,0.05,0,2437907513,0,0,0,3,0,0,0,497
4,exact_orbit,0.18,1600,0.5,1600,1600,3200,full,0.008034859161396372,25.71154931646839,27.40548348537593,17.378565893874043,7.197824136072929,-6.204430290969913,0.0,0.998,1.0,,500,1000,0.05,0,3571104684,0,0,0,0,0,0,0,500
4,exact_orbit,0.18,1600,0.5,1600,1600,3200,fundamental,0.008034859161396346,25.711549316468307,26.87672999882142,20.192118271153497,7.202619851100327,-3.8132993468095275,0.001,1.0,1.0,,500,1000,0.05,0,3571104684,0,0,0,0,0,0,0,500
4,exact_orbit,0.18,1600,0.5,1600,1600,3200,shared_orbit,0.008034859161396346,25.711549316468307,25.859330551291336,24.760718262623225,7.235170042621884,-12.91741911965545,0.001,1.0,1.0,1.0,500,1000,0.05,0,3571104684,0,0,0,0,0,0,0,500
4,exact_orbit,0.18,3200,0.5,3200,3200,6400,full,0.008034859161396372,51.42309863293678,52.84907302933621,41.782434666994405,9.592557835530895,-6.996556974569806,0.0,1.0,1.0,,500,1000,0.05,0,1646831782,0,0,0,0,0,0,0,500
4,exact_orbit,0.18,3200,0.5,3200,3200,6400,fundamental,0.008034859161396346,51.423098632936615,52.311139841559005,44.93338093333114,9.580506230811633,-4.347483879312236,0.001,1.0,1.0,,500,1000,0.05,0,1646831782,0,0,0,0,0,0,0,500
4,exact_orbit,0.18,3200,0.5,3200,3200,6400,shared_orbit,0.008034859161396346,51.423098632936615,51.39078344809465,50.29217115942654,9.640026695585734,-33.89820306369819,0.0,1.0,1.0,1.0,500,1000,0.05,0,1646831782,0,0,0,0,0,0,0,500
4,exact_orbit,0.25,100,0.5,100,100,200,full,0.015384205761507966,3.076841152301593,4.697870052857963,-1.1701644552842583,2.7507026385516458,-1.8799887194520633,0.008,0.302,0.54,,500,1000,0.05,0,122881229,123,70,3,34,7,12,2,249
4,exact_orbit,0.25,100,0.5,100,100,200,fundamental,0.015384205761508118,3.0768411523016237,4.198657278610376,0.2866342731822291,2.698156961169327,-0.7330427142715843,0.021,0.468,0.576,,500,1000,0.05,0,122881229,123,70,3,34,7,12,2,249
4,exact_orbit,0.25,100,0.5,100,100,200,shared_orbit,0.015384205761508118,3.0768411523016237,3.340738359949517,2.2421260712814073,2.7129710706828907,0.4793449929672964,0.085,0.796,0.73,0.868,500,1000,0.05,0,122881229,123,70,3,34,7,12,2,249
4,exact_orbit,0.25,200,0.5,200,200,400,full,0.015384205761507966,6.153682304603186,7.585314309690912,0.677559030708776,3.708243973315687,-2.9558160080593154,0.003,0.494,0.868,,500,1000,0.05,0,177894486,22,26,1,17,1,2,0,431
4,exact_orbit,0.25,200,0.5,200,200,400,fundamental,0.015384205761508118,6.153682304603247,7.103661293157911,2.4984911071698197,3.6340785263004824,-1.5278949121700593,0.013,0.758,0.898,,500,1000,0.05,0,177894486,22,26,1,17,1,2,0,431
4,exact_orbit,0.25,200,0.5,200,200,400,shared_orbit,0.015384205761508118,6.153682304603247,6.148232088926838,5.049619800258728,3.687984259426828,-0.5946767368666908,0.029,0.934,0.952,0.966,500,1000,0.05,0,177894486,22,26,1,17,1,2,0,431
4,exact_orbit,0.25,400,0.5,400,400,800,full,0.015384205761507966,12.307364609206372,13.613402996908174,5.665926947086118,5.270519793797045,-4.1268670731659505,0.002,0.86,0.996,,500,1000,0.05,0,168190879,0,1,0,1,0,0,0,498
4,exact_orbit,0.25,400,0.5,400,400,800,fundamental,0.015384205761508118,12.307364609206495,13.142661409464825,7.84434404291679,5.27716686920174,-2.4721203841105135,0.006,0.958,0.998,,500,1000,0.05,0,168190879,0,1,0,1,0,0,0,498
4,exact_orbit,0.25,400,0.5,400,400,800,shared_orbit,0.015384205761508118,12.307364609206495,12.193343844442026,11.094731555773917,5.234688346649484,-4.47164166400029,0.005,0.994,1.0,0.996,500,1000,0.05,0,168190879,0,1,0,1,0,0,0,498
4,exact_orbit,0.25,800,0.5,800,800,1600,full,0.015384205761507966,24.614729218412744,25.717986320816532,16.73078950015456,6.825559115634839,-5.073672828758243,0.0,0.996,1.0,,500,1000,0.05,0,778321850,0,0,0,0,0,0,0,500
4,exact_orbit,0.25,800,0.5,800,800,1600,fundamental,0.015384205761508118,24.61472921841299,25.193294411500123,19.201829864392145,6.720930132828236,-3.1412788637775444,0.004,1.0,1.0,,500,1000,0.05,0,778321850,0,0,0,0,0,0,0,500
4,exact_orbit,0.25,800,0.5,800,800,1600,shared_orbit,0.015384205761508118,24.61472921841299,24.20340963322496,23.10479734455685,6.779927950913704,-11.445451517372193,0.0,1.0,1.0,1.0,500,1000,0.05,0,778321850,0,0,0,0,0,0,0,500
4,exact_orbit,0.25,1600,0.5,1600,1600,3200,full,0.015384205761507966,49.22945843682549,50.64109839210664,40.61418080060475,9.685271646411639,-6.026843830285589,0.0,1.0,1.0,,500,1000,0.05,0,3229872171,0,0,0,0,0,0,0,500
4,exact_orbit,0.25,1600,0.5,1600,1600,3200,fundamental,0.015384205761508118,49.22945843682598,50.11352859061504,43.42891686294711,9.711861502302563,-3.868579307075107,0.001,1.0,1.0,,500,1000,0.05,0,3229872171,0,0,0,0,0,0,0,500
4,exact_orbit,0.25,1600,0.5,1600,1600,3200,shared_orbit,0.015384205761508118,49.22945843682598,49.12465514667521,48.02604285800709,9.790589380985955,-31.668420091544423,0.0,1.0,1.0,1.0,500,1000,0.05,0,3229872171,0,0,0,0,0,0,0,500
4,exact_orbit,0.25,3200,0.5,3200,3200,6400,full,0.015384205761507966,98.45891687365098,99.6926021582895,88.6259637959477,14.610874418822796,-7.05810504557919,0.0,1.0,1.0,,500,1000,0.05,0,2786863143,0,0,0,0,0,0,0,500
4,exact_orbit,0.25,3200,0.5,3200,3200,6400,fundamental,0.015384205761508118,98.45891687365196,99.2074768417477,91.82971793351983,14.587316111065187,-4.277311381256837,0.001,1.0,1.0,,500,1000,0.05,0,2786863143,0,0,0,0,0,0,0,500
4,exact_orbit,0.25,3200,0.5,3200,3200,6400,shared_orbit,0.015384205761508118,98.45891687365196,98.21714586861202,97.11853357994389,14.623346549047147,-72.5160352115783,0.0,1.0,1.0,1.0,500,1000,0.05,0,2786863143,0,0,0,0,0,0,0,500
4,higher_mode,0.08,100,0.5,100,100,200,full,0.002306642154298446,0.46132843085968916,2.0055448325014593,-3.8624896756407634,1.6097108234876103,-2.0215184319504313,0.01,0.032,0.12,,500,1000,0.05,0,3017446457,429,3,1,7,47,2,2,9
4,higher_mode,0.08,100,0.5,100,100,200,fundamental,1.4672926138326048e-05,0.0029345852276652096,0.9955356531774632,-2.9164873522506842,0.9866787775745395,-0.7436049414446524,0.023,0.016,0.038,,500,1000,0.05,0,3017446457,429,3,1,7,47,2,2,9
4,higher_mode,0.08,100,0.5,100,100,200,shared_orbit,-0.0015900836962772225,-0.3180167392554445,0.37832507770370455,-0.7202872109644052,1.125699904214088,1.2482392401694231,0.196,0.208,0.042,,500,1000,0.05,0,3017446457,429,3,1,7,47,2,2,9
4,higher_mode,0.08,200,0.5,200,200,400,full,0.002306642154298446,0.9226568617193783,2.2814252067334344,-4.626330072248702,1.7335710334015557,-3.0047644916259344,0.002,0.018,0.144,,500,1000,0.05,0,3580914185,415,4,2,7,51,3,4,14
4,higher_mode,0.08,200,0.5,200,200,400,fundamental,1.4672926138326048e-05,0.005869170455330419,0.9681613749223673,-3.637008811065724,0.9518279337152983,-1.6328701011144817,0.01,0.006,0.054,,500,1000,0.05,0,3580914185,415,4,2,7,51,3,4,14
4,higher_mode,0.08,200,0.5,200,200,400,shared_orbit,-0.0015900836962772225,-0.636033478510889,0.15716727263788358,-0.9414450160302262,1.2619881558689667,1.2287014892252135,0.188,0.18,0.056,,500,1000,0.05,0,3580914185,415,4,2,7,51,3,4,14
4,higher_mode,0.08,400,0.5,400,400,800,full,0.002306642154298446,1.8453137234387567,3.327134350245174,-4.6203416995768825,2.199406066456471,-3.9321823657038486,0.003,0.044,0.306,,500,1000,0.05,0,2112628948,340,3,1,3,127,4,6,16
4,higher_mode,0.08,400,0.5,400,400,800,fundamental,1.4672926138326048e-05,0.011738340910660838,1.0006058537137992,-4.297711512834236,1.0070371405088492,-2.283375736890622,0.003,0.004,0.052,,500,1000,0.05,0,2112628948,340,3,1,3,127,4,6,16
4,higher_mode,0.08,400,0.5,400,400,800,shared_orbit,-0.0015900836962772225,-1.272066957021778,-0.3727513082512055,-1.4713635969193155,1.593434225950906,1.0127592894926327,0.13,0.17,0.052,,500,1000,0.05,0,2112628948,340,3,1,3,127,4,6,16
4,higher_mode,0.08,800,0.5,800,800,1600,full,0.002306642154298446,3.6906274468775133,5.036749546072342,-3.9504472745896306,2.823022484686334,-4.87188839760787,0.0,0.096,0.576,,500,1000,0.05,0,3831847975,210,2,0,0,259,9,6,14
4,higher_mode,0.08,800,0.5,800,800,1600,fundamental,1.4672926138326048e-05,0.023476681821321677,0.9720736784265346,-5.019390868681446,1.0192998357556264,-2.812100078585801,0.004,0.002,0.04,,500,1000,0.05,0,3831847975,210,2,0,0,259,9,6,14
4,higher_mode,0.08,800,0.5,800,800,1600,shared_orbit,-0.0015900836962772225,-2.544133914043556,-1.2775537798855212,-2.376166068553631,1.868024523070295,0.6872142170071218,0.088,0.09,0.05,,500,1000,0.05,0,3831847975,210,2,0,0,259,9,6,14
4,higher_mode,0.08,1600,0.5,1600,1600,3200,full,0.002306642154298446,7.381254893755027,8.847692103347205,-1.1792254881546842,4.009713127676141,-6.164803500837525,0.0,0.354,0.904,,500,1000,0.05,0,4192530963,48,0,0,0,405,30,8,9
4,higher_mode,0.08,1600,0.5,1600,1600,3200,fundamental,1.4672926138326048e-05,0.04695336364264335,0.9892968233596039,-5.695314904308323,0.9748271768190424,-3.5399066290317034,0.002,0.002,0.034,,500,1000,0.05,0,4192530963,48,0,0,0,405,30,8,9
4,higher_mode,0.08,1600,0.5,1600,1600,3200,shared_orbit,-0.0015900836962772225,-5.088267828087112,-3.2441033728745206,-4.342715661542631,2.570299293989355,-0.8356002313832416,0.027,0.04,0.078,,500,1000,0.05,0,4192530963,48,0,0,0,405,30,8,9
4,higher_mode,0.08,3200,0.5,3200,3200,6400,full,0.002306642154298446,14.762509787510053,16.124949316801434,5.058310954459621,5.684015941048011,-7.222495669898102,0.0,0.804,0.998,,500,1000,0.05,0,3524597338,1,0,0,0,441,26,16,16
4,higher_mode,0.08,3200,0.5,3200,3200,6400,fundamental,1.4672926138326048e-05,0.0939067272852867,1.0583263497136286,-6.319432558514247,1.0701197242737117,-4.4816579175117255,0.0,0.002,0.064,,500,1000,0.05,0,3524597338,1,0,0,0,441,26,16,16
4,higher_mode,0.08,3200,0.5,3200,3200,6400,shared_orbit,-0.0015900836962772225,-10.176535656174224,-7.594061521634346,-8.692673810302455,3.550967684041433,-3.5193191876298355,0.004,0.008,0.084,,500,1000,0.05,0,3524597338,1,0,0,0,441,26,16,16
4,higher_mode,0.12,100,0.5,100,100,200,full,0.005174799437569965,1.0349598875139931,2.456831872651388,-3.411202635490835,1.960844704144356,-1.553179354632169,0.018,0.072,0.142,,500,1000,0.05,0,228398918,424,2,2,1,56,5,1,9
4,higher_mode,0.12,100,0.5,100,100,200,fundamental,7.35070587114528e-05,0.01470141174229056,0.9878115566674102,-2.9242114487607367,1.02127490378986,-0.6331315963936612,0.029,0.016,0.026,,500,1000,0.05,0,228398918,424,2,2,1,56,5,1,9
4,higher_mode,0.12,100,0.5,100,100,200,shared_orbit,-0.003550063195489006,-0.7100126390978012,0.10396227619742024,-0.9946500124706895,1.2151988167805734,1.2142310132242617,0.172,0.158,0.034,,500,1000,0.05,0,228398918,424,2,2,1,56,5,1,9
4,higher_mode,0.12,200,0.5,200,200,400,full,0.005174799437569965,2.0699197750279863,3.693704594743533,-3.214050684238604,2.4233353425279347,-3.023935749221579,0.004,0.102,0.41,,500,1000,0.05,0,951543025,291,3,1,0,168,10,12,15
4,higher_mode,0.12,200,0.5,200,200,400,fundamental,7.35070587114528e-05,0.02940282348458112,1.0686853737678828,-3.5364848122202086,1.0068833990806985,-1.6223618914352942,0.012,0.012,0.056,,500,1000,0.05,0,951543025,291,3,1,0,168,10,12,15
4,higher_mode,0.12,200,0.5,200,200,400,shared_orbit,-0.003550063195489006,-1.4200252781956024,-0.34450559962795363,-1.4431178882960638,1.4772381605611287,0.7458371489263389,0.107,0.138,0.056,,500,1000,0.05,0,951543025,291,3,1,0,168,10,12,15
4,higher_mode,0.12,400,0.5,400,400,800,full,0.005174799437569965,4.139839550055973,5.720282805233959,-2.227193244588095,3.0385845538917517,-3.675356502827409,0.002,0.2,0.642,,500,1000,0.05,0,414074923,176,2,1,0,272,16,14,19
4,higher_mode,0.12,400,0.5,400,400,800,fundamental,7.35070587114528e-05,0.05880564696916224,1.140988987426485,-4.157328379121551,1.2291010962989357,-2.0461771859953215,0.005,0.016,0.068,,500,1000,0.05,0,414074923,176,2,1,0,272,16,14,19
4,higher_mode,0.12,400,0.5,400,400,800,shared_orbit,-0.003550063195489006,-2.840050556391205,-1.427906083952741,-2.526518372620851,2.1648282212931935,0.5404877625863354,0.075,0.108,0.074,,500,1000,0.05,0,414074923,176,2,1,0,272,16,14,19
4,higher_mode,0.12,800,0.5,800,800,1600,full,0.005174799437569965,8.279679100111945,10.003355713739719,1.0161588930777454,4.634511776597204,-5.146685543099773,0.0,0.534,0.94,,500,1000,0.05,0,250024232,29,1,0,0,409,32,12,17
4,higher_mode,0.12,800,0.5,800,800,1600,fundamental,7.35070587114528e-05,0.11761129393832448,1.1048676263571788,-4.886596920750803,1.1737378112650794,-2.9046687686126385,0.003,0.012,0.058,,500,1000,0.05,0,250024232,29,1,0,0,409,32,12,17
4,higher_mode,0.12,800,0.5,800,800,1600,shared_orbit,-0.003550063195489006,-5.68010111278241,-3.7946019797812003,-4.89321426844931,2.9909546219146272,-1.4618512987141823,0.018,0.032,0.1,,500,1000,0.05,0,250024232,29,1,0,0,409,32,12,17
4,higher_mode,0.12,1600,0.5,1600,1600,3200,full,0.005174799437569965,16.55935820022389,17.80362863727372,7.776711045771838,6.021678623684923,-6.115959844692998,0.0,0.932,1.0,,500,1000,0.05,0,384073194,0,0,0,0,408,53,17,22
4,higher_mode,0.12,1600,0.5,1600,1600,3200,fundamental,7.35070587114528e-05,0.23522258787664896,1.2026957459330114,-5.4819159817349155,1.1543298779173015,-3.7135983885106736,0.002,0.002,0.078,,500,1000,0.05,0,384073194,0,0,0,0,408,53,17,22
4,higher_mode,0.12,1600,0.5,1600,1600,3200,shared_orbit,-0.003550063195489006,-11.36020222556482,-8.61242822122231,-9.71104050989042,3.912515484802666,-5.580371199549691,0.0,0.006,0.15,,500,1000,0.05,0,384073194,0,0,0,0,408,53,17,22
4,higher_mode,0.12,3200,0.5,3200,3200,6400,full,0.005174799437569965,33.11871640044778,34.58821651093681,23.52157814859499,8.231255487303997,-7.071572691422965,0.0,1.0,1.0,,500,1000,0.05,0,1813456451,0,0,0,0,375,64,41,20
4,higher_mode,0.12,3200,0.5,3200,3200,6400,fundamental,7.35070587114528e-05,0.4704451757532979,1.4904149809817464,-5.887343927246129,1.3512109510671488,-4.314835842362768,0.0,0.002,0.122,,500,1000,0.05,0,1813456451,0,0,0,0,375,64,41,20
4,higher_mode,0.12,3200,0.5,3200,3200,6400,shared_orbit,-0.003550063195489006,-22.72040445112964,-18.65738819239438,-19.75600048106249,5.30670356578609,-14.778198545380464,0.0,0.002,0.168,,500,1000,0.05,0,1813456451,0,0,0,0,375,64,41,20
4,higher_mode,0.18,100,0.5,100,100,200,full,0.011565979058811375,2.313195811762275,3.8108301466457197,-2.057204361496502,2.5876433328742934,-1.86686602099366,0.009,0.186,0.382,,500,1000,0.05,0,3595637731,305,1,1,2,153,11,12,15
4,higher_mode,0.18,100,0.5,100,100,200,fundamental,0.00036349269995383793,0.07269853999076759,1.0746352346273689,-2.837387770800778,1.1282682745304717,-0.9160796712329438,0.018,0.022,0.06,,500,1000,0.05,0,3595637731,305,1,1,2,153,11,12,15
4,higher_mode,0.18,100,0.5,100,100,200,shared_orbit,-0.007850168786533551,-1.5700337573067102,-0.5074651335003452,-1.606077422168455,1.6852939415554744,0.9092376117014827,0.117,0.132,0.058,,500,1000,0.05,0,3595637731,305,1,1,2,153,11,12,15
4,higher_mode,0.18,200,0.5,200,200,400,full,0.011565979058811375,4.62639162352455,6.080426226762367,-0.8273290522197699,3.2836330759768773,-2.8782628798259395,0.002,0.362,0.692,,500,1000,0.05,0,1190826412,151,3,0,0,300,18,11,17
4,higher_mode,0.18,200,0.5,200,200,400,fundamental,0.00036349269995383793,0.14539707998153517,1.1020655248129956,-3.5031046611750964,1.1156784897534846,-1.452399446167779,0.011,0.024,0.056,,500,1000,0.05,0,1190826412,151,3,0,0,300,18,11,17
4,higher_mode,0.18,200,0.5,200,200,400,shared_orbit,-0.007850168786533551,-3.1400675146134205,-1.6851318781828866,-2.783744166850996,2.0821930232584394,-0.07412390014798365,0.048,0.072,0.076,,500,1000,0.05,0,1190826412,151,3,0,0,300,18,11,17
4,higher_mode,0.18,400,0.5,400,400,800,full,0.011565979058811375,9.2527832470491,10.967107413249606,3.019631363427551,4.718964497724798,-3.9649955445992155,0.002,0.72,0.972,,500,1000,0.05,0,1092902615,14,0,0,0,395,51,18,22
4,higher_mode,0.18,400,0.5,400,400,800,fundamental,0.00036349269995383793,0.29079415996307034,1.2433544702927266,-4.054962896255309,1.2181324103297875,-2.1975750292275107,0.007,0.008,0.08,,500,1000,0.05,0,1092902615,14,0,0,0,395,51,18,22
4,higher_mode,0.18,400,0.5,400,400,800,shared_orbit,-0.007850168786533551,-6.280135029226841,-4.318899419770205,-5.417511708438314,3.0876283421311106,-2.410061087235536,0.009,0.028,0.146,,500,1000,0.05,0,1092902615,14,0,0,0,395,51,18,22
4,higher_mode,0.18,800,0.5,800,800,1600,full,0.011565979058811375,18.5055664940982,20.018194556070405,11.03099773540843,5.895365682989899,-5.3615718351460036,0.0,0.986,1.0,,500,1000,0.05,0,276457881,0,0,0,0,343,91,37,29
4,higher_mode,0.18,800,0.5,800,800,1600,fundamental,0.00036349269995383793,0.5815883199261407,1.5254146982650973,-4.466049848842884,1.4709965061691976,-3.1135880260470836,0.001,0.018,0.132,,500,1000,0.05,0,276457881,0,0,0,0,343,91,37,29
4,higher_mode,0.18,800,0.5,800,800,1600,shared_orbit,-0.007850168786533551,-12.560270058453682,-9.488401192316706,-10.587013480984815,4.102265237561756,-7.610467627053086,0.0,0.006,0.24,,500,1000,0.05,0,276457881,0,0,0,0,343,91,37,29
4,higher_mode,0.18,1600,0.5,1600,1600,3200,full,0.011565979058811375,37.0111329881964,38.0900139210931,28.063096329591207,8.391200086060019,-6.06255088574294,0.0,1.0,1.0,,500,1000,0.05,0,3133419186,0,0,0,0,250,121,55,74
4,higher_mode,0.18,1600,0.5,1600,1600,3200,fundamental,0.00036349269995383793,1.1631766398522814,2.191008930144264,-4.493602797523663,1.9219553412860246,-3.600568958943496,0.0,0.03,0.258,,500,1000,0.05,0,3133419186,0,0,0,0,250,121,55,74
4,higher_mode,0.18,1600,0.5,1600,1600,3200,shared_orbit,-0.007850168786533551,-25.120540116907364,-20.964035359747758,-22.06264764841587,6.02152570038996,-20.212164362222385,0.0,0.0,0.39,,500,1000,0.05,0,3133419186,0,0,0,0,250,121,55,74
4,higher_mode,0.18,3200,0.5,3200,3200,6400,full,0.011565979058811375,74.0222659763928,74.88067909500381,63.81404073266202,12.680761130305486,-7.078902552407065,0.0,1.0,1.0,,500,1000,0.05,0,900316029,0,0,0,0,125,144,92,139
4,higher_mode,0.18,3200,0.5,3200,3200,6400,fundamental,0.00036349269995383793,2.3263532797045627,3.270444218552253,-4.107314689675622,2.506768671810501,-4.344768401779689,0.0,0.06,0.462,,500,1000,0.05,0,900316029,0,0,0,0,125,144,92,139
4,higher_mode,0.18,3200,0.5,3200,3200,6400,shared_orbit,-0.007850168786533551,-50.24108023381473,-44.38915157037913,-45.48776385904725,8.172147955158634,-46.894056760280534,0.0,0.0,0.566,,500,1000,0.05,0,900316029,0,0,0,0,125,144,92,139
4,higher_mode,0.25,100,0.5,100,100,200,full,0.02205816716284961,4.411633432569921,5.907168894917622,0.03913438677540154,3.1994286093572644,-1.9856401872392606,0.008,0.434,0.696,,500,1000,0.05,0,899179408,134,18,0,0,271,35,14,28
4,higher_mode,0.25,100,0.5,100,100,200,fundamental,0.0013009239914685278,0.26018479829370555,1.2447453640687036,-2.6672776413594432,1.2511730569923956,-0.8383416736214366,0.019,0.048,0.084,,500,1000,0.05,0,899179408,134,18,0,0,271,35,14,28
4,higher_mode,0.25,100,0.5,100,100,200,shared_orbit,-0.014713423522158875,-2.942684704431775,-1.5603387807759859,-2.6589510694440954,2.1287140749169753,-0.6363932512529142,0.032,0.096,0.162,,500,1000,0.05,0,899179408,134,18,0,0,271,35,14,28
4,higher_mode,0.25,200,0.5,200,200,400,full,0.02205816716284961,8.823266865139843,10.430865905490041,3.5231106265079055,4.47395232715245,-2.6484154846013155,0.006,0.768,0.956,,500,1000,0.05,0,3724060140,18,4,0,0,356,71,28,23
4,higher_mode,0.25,200,0.5,200,200,400,fundamental,0.0013009239914685278,0.5203695965874111,1.503812364172701,-3.1013578218153897,1.2928654727428428,-1.3886288736188321,0.018,0.032,0.102,,500,1000,0.05,0,3724060140,18,4,0,0,356,71,28,23
4,higher_mode,0.25,200,0.5,200,200,400,shared_orbit,-0.014713423522158875,-5.88536940886355,-3.6868676506498907,-4.785479939318,2.7086970004072564,-2.3838915242703846,0.011,0.028,0.196,,500,1000,0.05,0,3724060140,18,4,0,0,356,71,28,23
4,higher_mode,0.25,400,0.5,400,400,800,full,0.02205816716284961,17.646533730279685,18.948430506466547,11.000954456644493,5.770057107384794,-3.984555102625219,0.001,0.996,1.0,,500,1000,0.05,0,1896821419,0,0,0,0,280,107,63,50
4,higher_mode,0.25,400,0.5,400,400,800,fundamental,0.0013009239914685278,1.0407391931748222,1.982007529231681,-3.316309837316355,1.7346593485180901,-2.3642901510452985,0.003,0.058,0.226,,500,1000,0.05,0,1896821419,0,0,0,0,280,107,63,50
4,higher_mode,0.25,400,0.5,400,400,800,shared_orbit,-0.014713423522158875,-11.7707388177271,-9.04328153874357,-10.14189382741168,4.002017356895185,-8.254254238621288,0.0,0.008,0.314,,500,1000,0.05,0,1896821419,0,0,0,0,280,107,63,50
4,higher_mode,0.25,800,0.5,800,800,1600,full,0.02205816716284961,35.29306746055937,37.093583146828514,28.106386326166547,7.99922346563839,-5.174153404843162,0.001,1.0,1.0,,500,1000,0.05,0,2475733032,0,0,0,0,169,135,77,119
4,higher_mode,0.25,800,0.5,800,800,1600,fundamental,0.0013009239914685278,2.0814783863496444,2.8861175729794386,-3.105346974128543,2.2747227453267356,-3.036628291059416,0.002,0.094,0.392,,500,1000,0.05,0,2475733032,0,0,0,0,169,135,77,119
4,higher_mode,0.25,800,0.5,800,800,1600,shared_orbit,-0.014713423522158875,-23.5414776354542,-19.523081039682197,-20.621693328350307,5.582932853857394,-20.639713863439457,0.0,0.0,0.508,,500,1000,0.05,0,2475733032,0,0,0,0,169,135,77,119
4,higher_mode,0.25,1600,0.5,1600,1600,3200,full,0.02205816716284961,70.58613492111874,72.63467953559643,62.60776194409454,11.644827550498492,-5.948294838383891,0.003,1.0,1.0,,500,1000,0.05,0,1616704861,0,0,0,0,22,127,40,311
4,higher_mode,0.25,1600,0.5,1600,1600,3200,fundamental,0.0013009239914685278,4.162956772699289,4.9822199501607285,-1.7023917775071982,2.8404550149535304,-3.499722159734757,0.003,0.26,0.702,,500,1000,0.05,0,1616704861,0,0,0,0,22,127,40,311
4,higher_mode,0.25,1600,0.5,1600,1600,3200,shared_orbit,-0.014713423522158875,-47.0829552709084,-41.3014593394951,-42.40007162816322,7.885358336592569,-51.599969949110516,0.0,0.0,0.876,,500,1000,0.05,0,1616704861,0,0,0,0,22,127,40,311
4,higher_mode,0.25,3200,0.5,3200,3200,6400,full,0.02205816716284961,141.17226984223748,142.16465376431805,131.09801540197626,15.938758765040149,-6.7766584551925675,0.0,1.0,1.0,,500,1000,0.05,0,153044370,0,0,0,0,0,27,7,466
4,higher_mode,0.25,3200,0.5,3200,3200,6400,fundamental,0.0013009239914685278,8.325913545398578,9.080695174534892,1.7029362663070173,4.25765464465404,-4.2080051145990325,0.003,0.626,0.946,,500,1000,0.05,0,153044370,0,0,0,0,0,27,7,466
4,higher_mode,0.25,3200,0.5,3200,3200,6400,shared_orbit,-0.014713423522158875,-94.1659105418168,-86.21277444090741,-87.31138672957553,11.517588226532766,-112.49371932419507,0.0,0.0,0.986,,500,1000,0.05,0,153044370,0,0,0,0,0,27,7,466
4,independent_fundamental,0.08,100,0.5,100,100,200,full,0.00034290949530293643,0.06858189906058729,1.4948034211690757,-4.3732310869731466,1.1747821712742614,-2.063437990914627,0.005,0.0,0.052,,500,1000,0.05,0,1894124804,453,4,5,12,7,0,0,19
4,independent_fundamental,0.08,100,0.5,100,100,200,fundamental,0.0003429095615343769,0.06858191230687538,1.0096659346923147,-2.902357070735832,1.0385661537690725,-0.9952492809608993,0.02,0.032,0.072,,500,1000,0.05,0,1894124804,453,4,5,12,7,0,0,19
4,independent_fundamental,0.08,100,0.5,100,100,200,shared_orbit,-0.0001177514834533877,-0.02355029669067754,0.537018107952739,-0.5615941807153708,1.0772794571286104,1.229979338412645,0.194,0.218,0.07,,500,1000,0.05,0,1894124804,453,4,5,12,7,0,0,19
4,independent_fundamental,0.08,200,0.5,200,200,400,full,0.00034290949530293643,0.13716379812117457,1.5808117897292213,-5.3269434892529155,1.2252464728934283,-3.0948153838255905,0.0,0.0,0.068,,500,1000,0.05,0,2318873706,448,7,3,8,14,0,7,13
4,independent_fundamental,0.08,200,0.5,200,200,400,fundamental,0.0003429095615343769,0.13716382461375076,1.0934114197750113,-3.51175876621308,1.0090936721464012,-1.6601835362536308,0.007,0.006,0.062,,500,1000,0.05,0,2318873706,448,7,3,8,14,0,7,13
4,independent_fundamental,0.08,200,0.5,200,200,400,shared_orbit,-0.0001177514834533877,-0.04710059338135508,0.3869711876897709,-0.7116411009783388,1.2102723411781338,1.2848708940314826,0.181,0.24,0.056,,500,1000,0.05,0,2318873706,448,7,3,8,14,0,7,13
4,independent_fundamental,0.08,400,0.5,400,400,800,full,0.00034290949530293643,0.27432759624234915,1.7782677142428296,-6.169208335579226,1.4487294193501719,-4.019740675555905,0.001,0.004,0.09,,500,1000,0.05,0,234165095,436,9,5,5,11,1,5,28
4,independent_fundamental,0.08,400,0.5,400,400,800,fundamental,0.0003429095615343769,0.2743276492275015,1.280277382606344,-4.018039983941692,1.270842420423423,-2.219135721780577,0.004,0.014,0.086,,500,1000,0.05,0,234165095,436,9,5,5,11,1,5,28
4,independent_fundamental,0.08,400,0.5,400,400,800,shared_orbit,-0.0001177514834533877,-0.09420118676271017,0.3671464007997283,-0.7314658878683815,1.4873636263843881,1.1081332074850796,0.137,0.238,0.086,,500,1000,0.05,0,234165095,436,9,5,5,11,1,5,28
4,independent_fundamental,0.08,800,0.5,800,800,1600,full,0.00034290949530293643,0.5486551924846983,2.201223514233032,-6.785973306428941,1.7522807571891583,-5.119751697570644,0.0,0.004,0.164,,500,1000,0.05,0,389300214,348,38,8,24,11,4,11,56
4,independent_fundamental,0.08,800,0.5,800,800,1600,fundamental,0.0003429095615343769,0.548655298455003,1.692730297981123,-4.298734249126858,1.597625674497745,-3.1357901238433366,0.0,0.026,0.198,,500,1000,0.05,0,389300214,348,38,8,24,11,4,11,56
4,independent_fundamental,0.08,800,0.5,800,800,1600,shared_orbit,-0.0001177514834533877,-0.18840237352542033,0.30725639934137233,-0.7913558893267375,2.081688254547364,0.4374014415328109,0.083,0.304,0.244,,500,1000,0.05,0,389300214,348,38,8,24,11,4,11,56
4,independent_fundamental,0.08,1600,0.5,1600,1600,3200,full,0.00034290949530293643,1.0973103849693966,2.702671316834767,-7.324246274667119,1.885754514838778,-6.060211574755204,0.0,0.004,0.214,,500,1000,0.05,0,2291739750,298,67,11,17,7,4,11,85
4,independent_fundamental,0.08,1600,0.5,1600,1600,3200,fundamental,0.0003429095615343769,1.097310596910006,2.216680458095574,-4.467931269572353,1.8039280621898945,-3.5955051174493757,0.0,0.028,0.248,,500,1000,0.05,0,2291739750,298,67,11,17,7,4,11,85
4,independent_fundamental,0.08,1600,0.5,1600,1600,3200,shared_orbit,-0.0001177514834533877,-0.37680474705084066,-0.09555568959511765,-1.1941679782632277,2.8612689096445805,-0.21731935925635315,0.04,0.312,0.346,,500,1000,0.05,0,2291739750,298,67,11,17,7,4,11,85
4,independent_fundamental,0.08,3200,0.5,3200,3200,6400,full,0.00034290949530293643,2.194620769938793,3.7921173300327244,-7.2745210323090905,2.5341978544744532,-6.874673804983807,0.0,0.018,0.38,,500,1000,0.05,0,643073934,173,75,12,50,4,5,13,168
4,independent_fundamental,0.08,3200,0.5,3200,3200,6400,fundamental,0.0003429095615343769,2.194621193820012,3.286977538508101,-4.090781369719775,2.45475150713701,-4.451773832021459,0.001,0.066,0.486,,500,1000,0.05,0,643073934,173,75,12,50,4,5,13,168
4,independent_fundamental,0.08,3200,0.5,3200,3200,6400,shared_orbit,-0.0001177514834533877,-0.7536094941016813,-0.6437484466761307,-1.7423607353442405,4.015291712847701,-2.8074633748021283,0.009,0.338,0.596,,500,1000,0.05,0,643073934,173,75,12,50,4,5,13,168
4,independent_fundamental,0.12,100,0.5,100,100,200,full,0.0007703277580170202,0.15406555160340402,1.6898882006162226,-4.178146307526,1.381813318692627,-2.0997966069736034,0.003,0.016,0.08,,500,1000,0.05,0,3630243236,435,8,3,14,9,2,1,28
4,independent_fundamental,0.12,100,0.5,100,100,200,fundamental,0.0007703280913804456,0.1540656182760891,1.2053042917665553,-2.706718713661592,1.1924049832169696,-1.0763426580053528,0.015,0.034,0.092,,500,1000,0.05,0,3630243236,435,8,3,14,9,2,1,28
4,independent_fundamental,0.12,100,0.5,100,100,200,shared_orbit,-0.0002646749395847081,-0.05293498791694162,0.5078375704048779,-0.590774718263232,1.3897472649084923,1.013656164084748,0.169,0.272,0.104,,500,1000,0.05,0,3630243236,435,8,3,14,9,2,1,28
4,independent_fundamental,0.12,200,0.5,200,200,400,full,0.0007703277580170202,0.30813110320680803,1.871853933459215,-5.035901345522921,1.5012122341008607,-2.9556759283950953,0.004,0.008,0.108,,500,1000,0.05,0,2218016601,411,19,3,13,8,2,9,35
4,independent_fundamental,0.12,200,0.5,200,200,400,fundamental,0.0007703280913804456,0.3081312365521782,1.3552409143365267,-3.2499292716515646,1.303011199308891,-1.6800575356193308,0.01,0.038,0.12,,500,1000,0.05,0,2218016601,411,19,3,13,8,2,9,35
4,independent_fundamental,0.12,200,0.5,200,200,400,shared_orbit,-0.0002646749395847081,-0.10586997583388325,0.33445689953684565,-0.7641553891312641,1.5617498686632187,0.7460779436213987,0.122,0.264,0.138,,500,1000,0.05,0,2218016601,411,19,3,13,8,2,9,35
4,independent_fundamental,0.12,400,0.5,400,400,800,full,0.0007703277580170202,0.6162622064136161,2.0335596629208292,-5.913916386901226,1.638040808002719,-4.196723605417102,0.0,0.004,0.148,,500,1000,0.05,0,3488002337,390,15,4,17,9,4,11,50
4,independent_fundamental,0.12,400,0.5,400,400,800,fundamental,0.0007703280913804456,0.6162624731043564,1.5679637950527203,-3.7303535714953155,1.505076068255707,-2.5036289947414216,0.002,0.026,0.164,,500,1000,0.05,0,3488002337,390,15,4,17,9,4,11,50
4,independent_fundamental,0.12,400,0.5,400,400,800,shared_orbit,-0.0002646749395847081,-0.2117399516677665,0.07692671714264725,-1.0216855715254627,2.029971986823571,0.6443341105639864,0.085,0.258,0.172,,500,1000,0.05,0,3488002337,390,15,4,17,9,4,11,50
4,independent_fundamental,0.12,800,0.5,800,800,1600,full,0.0007703277580170202,1.2325244128272321,2.686681627134752,-6.300515193527223,2.02361218249373,-5.136164408006914,0.0,0.016,0.208,,500,1000,0.05,0,1271081877,285,72,14,25,5,4,7,88
4,independent_fundamental,0.12,800,0.5,800,800,1600,fundamental,0.0007703280913804456,1.232524946208713,2.2197102201445325,-3.771754326963449,1.9224141767101892,-3.089029398460199,0.004,0.054,0.268,,500,1000,0.05,0,1271081877,285,72,14,25,5,4,7,88
4,independent_fundamental,0.12,800,0.5,800,800,1600,shared_orbit,-0.0002646749395847081,-0.423479903335533,-0.29855977940091816,-1.3971720680690283,3.073214071498409,-0.5528529708137195,0.033,0.288,0.378,,500,1000,0.05,0,1271081877,285,72,14,25,5,4,7,88
4,independent_fundamental,0.12,1600,0.5,1600,1600,3200,full,0.0007703277580170202,2.4650488256544643,4.05222765956693,-5.9746899319349565,2.685373903617273,-6.371752725324814,0.001,0.034,0.508,,500,1000,0.05,0,1184695150,136,72,9,29,3,3,16,232
4,independent_fundamental,0.12,1600,0.5,1600,1600,3200,fundamental,0.0007703280913804456,2.465049892417426,3.5626738879275743,-3.1219378397403523,2.584998688781726,-4.025730643919543,0.003,0.112,0.572,,500,1000,0.05,0,1184695150,136,72,9,29,3,3,16,232
4,independent_fundamental,0.12,1600,0.5,1600,1600,3200,shared_orbit,-0.0002646749395847081,-0.846959806671066,-0.6988771587710926,-1.7974894474392027,4.378359463936528,-3.806993721142308,0.004,0.346,0.672,,500,1000,0.05,0,1184695150,136,72,9,29,3,3,16,232
4,independent_fundamental,0.12,3200,0.5,3200,3200,6400,full,0.0007703277580170202,4.9300976513089285,6.595851418539744,-4.47078694380207,3.2983048092739025,-7.271259117641215,0.0,0.096,0.788,,500,1000,0.05,0,3154240179,27,50,2,27,0,7,5,382
4,independent_fundamental,0.12,3200,0.5,3200,3200,6400,fundamental,0.0007703280913804456,4.930099784834852,6.079245636526586,-1.2985132717012888,3.194093525032403,-4.430275994880972,0.001,0.322,0.832,,500,1000,0.05,0,3154240179,27,50,2,27,0,7,5,382
4,independent_fundamental,0.12,3200,0.5,3200,3200,6400,shared_orbit,-0.0002646749395847081,-1.693919613342132,-1.6083907315197465,-2.707003020187856,5.939731766893911,-11.359848689939271,0.0,0.32,0.932,,500,1000,0.05,0,3154240179,27,50,2,27,0,7,5,382
4,independent_fundamental,0.18,100,0.5,100,100,200,full,0.0017270940169945717,0.34541880339891434,1.981089039945311,-3.886945468196911,1.594766787281715,-1.8021776338658864,0.009,0.026,0.098,,500,1000,0.05,0,3401939468,417,10,9,15,10,2,7,30
4,independent_fundamental,0.18,100,0.5,100,100,200,fundamental,0.00172709568288143,0.345419136576286,1.4475056389355327,-2.4645173664926143,1.4444763835482544,-0.8441834991972081,0.029,0.072,0.122,,500,1000,0.05,0,3401939468,417,10,9,15,10,2,7,30
4,independent_fundamental,0.18,100,0.5,100,100,200,shared_orbit,-0.0005941768824373472,-0.11883537648746945,0.3933463388330532,-0.7052659498350566,1.738877112071323,1.1543317813528777,0.132,0.3,0.114,,500,1000,0.05,0,3401939468,417,10,9,15,10,2,7,30
4,independent_fundamental,0.18,200,0.5,200,200,400,full,0.0017270940169945717,0.6908376067978287,2.2214179430709744,-4.686337335911162,1.640217765706814,-3.0357297705010353,0.005,0.02,0.136,,500,1000,0.05,0,1016915491,359,32,13,28,9,2,9,48
4,independent_fundamental,0.18,200,0.5,200,200,400,fundamental,0.00172709568288143,0.690838273152572,1.7541421721365564,-2.8510280138515345,1.5046863490225417,-1.6942420846939017,0.009,0.05,0.196,,500,1000,0.05,0,1016915491,359,32,13,28,9,2,9,48
4,independent_fundamental,0.18,200,0.5,200,200,400,shared_orbit,-0.0005941768824373472,-0.2376707529749389,0.18200957017134964,-0.9166027184967603,2.1027689093360897,0.5761151355721357,0.089,0.312,0.22,,500,1000,0.05,0,1016915491,359,32,13,28,9,2,9,48
4,independent_fundamental,0.18,400,0.5,400,400,800,full,0.0017270940169945717,1.3816752135956574,2.874698984895364,-5.072777064926691,2.0681576926561758,-3.8292473687082484,0.002,0.032,0.246,,500,1000,0.05,0,1722328925,241,96,10,30,6,7,10,100
4,independent_fundamental,0.18,400,0.5,400,400,800,fundamental,0.00172709568288143,1.381676546305144,2.3516927594708914,-2.946624607077145,1.9068409278013552,-2.3440656571477403,0.005,0.078,0.3,,500,1000,0.05,0,1722328925,241,96,10,30,6,7,10,100
4,independent_fundamental,0.18,400,0.5,400,400,800,shared_orbit,-0.0005941768824373472,-0.4753415059498778,-0.26701293582047264,-1.3656252244885827,2.9239601651997957,-1.0655497837078112,0.024,0.318,0.466,,500,1000,0.05,0,1722328925,241,96,10,30,6,7,10,100
4,independent_fundamental,0.18,800,0.5,800,800,1600,full,0.0017270940169945717,2.7633504271913147,4.410422033350574,-4.576774787311399,2.5657648028116005,-5.259760314479388,0.0,0.056,0.556,,500,1000,0.05,0,1471059053,90,91,3,38,10,17,13,238
4,independent_fundamental,0.18,800,0.5,800,800,1600,fundamental,0.00172709568288143,2.763353092610288,3.8625404491873616,-2.1289240979206197,2.480447153176401,-3.0132286856618444,0.001,0.188,0.584,,500,1000,0.05,0,1471059053,90,91,3,38,10,17,13,238
4,independent_fundamental,0.18,800,0.5,800,800,1600,shared_orbit,-0.0005941768824373472,-0.9506830118997556,-0.632260882428859,-1.7308731710969691,4.300940623414657,-4.8974850618889745,0.001,0.32,0.768,,500,1000,0.05,0,1471059053,90,91,3,38,10,17,13,238
4,independent_fundamental,0.18,1600,0.5,1600,1600,3200,full,0.0017270940169945717,5.5267008543826295,7.186993666742543,-2.839923924759345,3.5565068322886595,-6.256062733769841,0.0,0.198,0.84,,500,1000,0.05,0,2340611979,13,47,0,20,1,8,4,407
4,independent_fundamental,0.18,1600,0.5,1600,1600,3200,fundamental,0.00172709568288143,5.526706185220576,6.652125021737414,-0.03248670593051182,3.502287699108513,-3.746996401506932,0.002,0.44,0.862,,500,1000,0.05,0,2340611979,13,47,0,20,1,8,4,407
4,independent_fundamental,0.18,1600,0.5,1600,1600,3200,shared_orbit,-0.0005941768824373472,-1.9013660237995111,-1.7192790537406817,-2.8178913424087915,6.198474864500974,-13.379547905496283,0.0,0.316,0.964,,500,1000,0.05,0,2340611979,13,47,0,20,1,8,4,407
4,independent_fundamental,0.18,3200,0.5,3200,3200,6400,full,0.0017270940169945717,11.053401708765259,12.526151136236509,1.4595127738946962,5.062149419912709,-7.257799792771742,0.001,0.558,0.982,,500,1000,0.05,0,3928778292,0,3,0,6,0,0,0,491
4,independent_fundamental,0.18,3200,0.5,3200,3200,6400,fundamental,0.00172709568288143,11.053412370441151,12.041148800075316,4.663389891847441,5.047573773491582,-4.594125874702982,0.0,0.824,0.994,,500,1000,0.05,0,3928778292,0,3,0,6,0,0,0,491
4,independent_fundamental,0.18,3200,0.5,3200,3200,6400,shared_orbit,-0.0005941768824373472,-3.8027320475990223,-3.643027247896367,-4.741639536564477,9.196289943023379,-33.6143481732326,0.0,0.3,1.0,,500,1000,0.05,0,3928778292,0,3,0,6,0,0,0,491
4,independent_fundamental,0.25,100,0.5,100,100,200,full,0.003311920984610096,0.6623841969220192,2.075609765261938,-3.7924247428802844,1.6128860720305516,-1.5790571474448765,0.014,0.026,0.094,,500,1000,0.05,0,569602637,391,38,10,14,11,8,2,26
4,independent_fundamental,0.25,100,0.5,100,100,200,fundamental,0.0033119270508392695,0.6623854101678539,1.5564641980972478,-2.3555588073308993,1.4289728656371008,-0.6221372287704634,0.03,0.054,0.104,,500,1000,0.05,0,569602637,391,38,10,14,11,8,2,26
4,independent_fundamental,0.25,100,0.5,100,100,200,shared_orbit,-0.0011418724580483097,-0.22837449160966194,-0.08473129738896455,-1.1833435860570745,2.0751175034402243,0.6865229995343587,0.085,0.264,0.172,,500,1000,0.05,0,569602637,391,38,10,14,11,8,2,26
4,independent_fundamental,0.25,200,0.5,200,200,400,full,0.003311920984610096,1.3247683938440384,2.7124982571558878,-4.195257021826249,1.914659766107075,-3.1002893071704705,0.003,0.034,0.24,,500,1000,0.05,0,2126783806,280,71,7,22,11,5,13,91
4,independent_fundamental,0.25,200,0.5,200,200,400,fundamental,0.0033119270508392695,1.3247708203357078,2.233828236603229,-2.3713419493848624,1.7925028201213116,-1.578952452748486,0.009,0.106,0.266,,500,1000,0.05,0,2126783806,280,71,7,22,11,5,13,91
4,independent_fundamental,0.25,200,0.5,200,200,400,shared_orbit,-0.0011418724580483097,-0.4567489832193239,-0.44912619605849385,-1.547738484726604,2.8895790953408627,-0.6416910280003687,0.028,0.278,0.378,,500,1000,0.05,0,2126783806,280,71,7,22,11,5,13,91
4,independent_fundamental,0.25,400,0.5,400,400,800,full,0.003311920984610096,2.649536787688077,4.3111206852380635,-3.6363553645839914,2.81692584326025,-4.233822288272105,0.002,0.1,0.516,,500,1000,0.05,0,3271184959,116,91,8,27,9,6,16,227
4,independent_fundamental,0.25,400,0.5,400,400,800,fundamental,0.0033119270508392695,2.6495416406714156,3.8067475300853344,-1.4915698364627024,2.7445809638407592,-2.3524909487421892,0.005,0.252,0.556,,500,1000,0.05,0,3271184959,116,91,8,27,9,6,16,227
4,independent_fundamental,0.25,400,0.5,400,400,800,shared_orbit,-0.0011418724580483097,-0.9134979664386478,-0.7097020909384901,-1.8083143796065997,4.5933997279570535,-4.424924469994667,0.005,0.346,0.702,,500,1000,0.05,0,3271184959,116,91,8,27,9,6,16,227
4,independent_fundamental,0.25,800,0.5,800,800,1600,full,0.003311920984610096,5.299073575376154,6.786568123705819,-2.2006286969561537,3.641607064553524,-5.234951824444886,0.0,0.258,0.796,,500,1000,0.05,0,4052874061,16,62,2,22,2,4,4,388
4,independent_fundamental,0.25,800,0.5,800,800,1600,fundamental,0.0033119270508392695,5.299083281342831,6.3096720802660995,0.31820753315811784,3.599903090035571,-3.147398517463345,0.001,0.472,0.832,,500,1000,0.05,0,4052874061,16,62,2,22,2,4,4,388
4,independent_fundamental,0.25,800,0.5,800,800,1600,shared_orbit,-0.0011418724580483097,-1.8269959328772956,-1.9992442054948005,-3.09785649416291,6.215393397389492,-13.03510875062574,0.0,0.296,0.952,,500,1000,0.05,0,4052874061,16,62,2,22,2,4,4,388
4,independent_fundamental,0.25,1600,0.5,1600,1600,3200,full,0.003311920984610096,10.598147150752308,11.861851999890755,1.834934408388866,4.57992863787636,-6.1644117914466285,0.0,0.602,0.988,,500,1000,0.05,0,2974781319,0,3,0,3,0,0,0,494
4,independent_fundamental,0.25,1600,0.5,1600,1600,3200,fundamental,0.0033119270508392695,10.598166562685662,11.392540793687045,4.707929066019118,4.537920426815256,-3.9134397069808085,0.001,0.86,0.994,,500,1000,0.05,0,2974781319,0,3,0,3,0,0,0,494
4,independent_fundamental,0.25,1600,0.5,1600,1600,3200,shared_orbit,-0.0011418724580483097,-3.653991865754591,-4.126879040181888,-5.225491328849998,8.735828552451453,-31.05574480516424,0.0,0.286,1.0,,500,1000,0.05,0,2974781319,0,3,0,3,0,0,0,494
4,independent_fundamental,0.25,3200,0.5,3200,3200,6400,full,0.003311920984610096,21.196294301504615,22.77119169481764,11.704553332475825,6.88372883756732,-7.284611750149246,0.0,0.976,1.0,,500,1000,0.05,0,1631920544,0,0,0,0,0,0,0,500
4,independent_fundamental,0.25,3200,0.5,3200,3200,6400,fundamental,0.0033119270508392695,21.196333125371325,22.330105958755833,14.952347050527962,6.856281738465058,-4.357843602507742,0.0,1.0,1.0,,500,1000,0.05,0,1631920544,0,0,0,0,0,0,0,500
4,independent_fundamental,0.25,3200,0.5,3200,3200,6400,shared_orbit,-0.0011418724580483097,-7.307983731509182,-6.912964454939941,-8.01157674360805,12.429644352253696,-71.81418155515729,0.0,0.248,1.0,,500,1000,0.05,0,1631920544,0,0,0,0,0,0,0,500
5,exact_orbit,0.08,100,0.5,100,100,200,full,0.0011032157085883731,0.22064314171767463,2.1882933078296065,-5.635752703026688,1.6578202378664504,-2.862554045743865,0.003,0.004,0.064,,500,1000,0.05,0,1457618317,446,10,1,11,15,0,3,14
5,exact_orbit,0.08,100,0.5,100,100,200,fundamental,0.0011035062708553145,0.2207012541710629,1.1925168401717101,-2.719506165256437,1.1568071693926656,-0.6301487617153834,0.028,0.026,0.058,,500,1000,0.05,0,1457618317,446,10,1,11,15,0,3,14
5,exact_orbit,0.08,100,0.5,100,100,200,shared_orbit,0.0011035062708550925,0.2207012541710185,0.7660066856496474,-0.6202876754702433,1.1544415261749257,1.154499973511694,0.156,0.226,0.07,0.438,500,1000,0.05,0,1457618317,446,10,1,11,15,0,3,14
5,exact_orbit,0.08,200,0.5,200,200,400,full,0.0011032157085883731,0.44128628343534926,2.4419556003570766,-6.768384771619107,1.6683874552340865,-4.708239103121665,0.0,0.0,0.13,,500,1000,0.05,0,3677621423,405,10,4,16,14,2,9,40
5,exact_orbit,0.08,200,0.5,200,200,400,fundamental,0.0011035062708553145,0.4414025083421258,1.4299348736178483,-3.1752353123702433,1.3495490220836321,-1.7444605281598529,0.008,0.036,0.138,,500,1000,0.05,0,3677621423,405,10,4,16,14,2,9,40
5,exact_orbit,0.08,200,0.5,200,200,400,shared_orbit,0.0011035062708550925,0.441402508342037,0.8984300094808607,-0.48786435163902997,1.3327549736614472,0.8805583658812604,0.151,0.268,0.136,0.498,500,1000,0.05,0,3677621423,405,10,4,16,14,2,9,40
5,exact_orbit,0.08,400,0.5,400,400,800,full,0.0011032157085883731,0.8825725668706985,2.9254689307682553,-7.671165802327816,2.022676243032993,-5.519650095903819,0.0,0.002,0.158,,500,1000,0.05,0,2530646934,361,30,1,29,11,3,4,61
5,exact_orbit,0.08,400,0.5,400,400,800,fundamental,0.0011035062708553145,0.8828050166842516,1.929700680496694,-3.368616686051342,1.727440196261191,-2.0922877795297437,0.005,0.058,0.19,,500,1000,0.05,0,2530646934,361,30,1,29,11,3,4,61
5,exact_orbit,0.08,400,0.5,400,400,800,shared_orbit,0.0011035062708550925,0.882805016684074,1.277746506278209,-0.10854785484168175,1.7845560879180267,0.8952310971268427,0.131,0.366,0.246,0.65,500,1000,0.05,0,2530646934,361,30,1,29,11,3,4,61
5,exact_orbit,0.08,800,0.5,800,800,1600,full,0.0011032157085883731,1.765145133741397,3.8298480874769494,-8.153081006739013,2.2785300185394424,-7.233431001681568,0.0,0.002,0.294,,500,1000,0.05,0,1286802732,269,35,6,43,16,6,4,121
5,exact_orbit,0.08,800,0.5,800,800,1600,fundamental,0.0011035062708553145,1.7656100333685032,2.7419993545805035,-3.249465192527478,2.108861887138576,-2.7908582211533863,0.003,0.074,0.348,,500,1000,0.05,0,1286802732,269,35,6,43,16,6,4,121
5,exact_orbit,0.08,800,0.5,800,800,1600,shared_orbit,0.0011035062708550925,1.765610033368148,1.9815826198506883,0.5952882587307976,2.139249417194586,0.7014220531026505,0.095,0.554,0.41,0.784,500,1000,0.05,0,1286802732,269,35,6,43,16,6,4,121
5,exact_orbit,0.08,1600,0.5,1600,1600,3200,full,0.0011032157085883731,3.530290267482794,5.68891815670415,-7.680305298631703,3.2105910998318268,-8.804790740935825,0.0,0.018,0.61,,500,1000,0.05,0,3402625966,97,59,2,37,6,10,1,288
5,exact_orbit,0.08,1600,0.5,1600,1600,3200,fundamental,0.0011035062708553145,3.5312200667370064,4.644204746441079,-2.0404069812268477,2.9337345340692234,-3.6426431024116948,0.003,0.218,0.656,,500,1000,0.05,0,3402625966,97,59,2,37,6,10,1,288
5,exact_orbit,0.08,1600,0.5,1600,1600,3200,shared_orbit,0.0011035062708550925,3.531220066736296,3.785293617210313,2.398999256090422,2.942386860773813,0.1845200781248233,0.056,0.806,0.788,0.906,500,1000,0.05,0,3402625966,97,59,2,37,6,10,1,288
5,exact_orbit,0.08,3200,0.5,3200,3200,6400,full,0.0011032157085883731,7.060580534965588,8.900638026250297,-5.854879790205453,4.007054315868129,-9.90061876098028,0.0,0.08,0.836,,500,1000,0.05,0,3272212890,17,17,1,47,0,2,0,416
5,exact_orbit,0.08,3200,0.5,3200,3200,6400,fundamental,0.0011035062708553145,7.062440133474013,7.966854421816348,0.5890955135884727,3.8955948752501683,-4.318320472052179,0.002,0.52,0.928,,500,1000,0.05,0,3272212890,17,17,1,47,0,2,0,416
5,exact_orbit,0.08,3200,0.5,3200,3200,6400,shared_orbit,0.0011035062708550925,7.062440133472592,7.010430525008426,5.624136163888534,3.8857836259312855,-1.147417508863892,0.018,0.946,0.964,0.974,500,1000,0.05,0,3272212890,17,17,1,47,0,2,0,416
5,exact_orbit,0.12,100,0.5,100,100,200,full,0.0024756837029074157,0.49513674058148316,2.39940622877212,-5.424639782084174,1.6263648785398592,-3.1685458014201107,0.003,0.01,0.09,,500,1000,0.05,0,59327351,425,4,8,18,11,1,3,30
5,exact_orbit,0.12,100,0.5,100,100,200,fundamental,0.0024771131685064063,0.49542263370128126,1.4456793119932967,-2.46634369343485,1.3439229575284144,-0.8963049920728503,0.021,0.054,0.118,,500,1000,0.05,0,59327351,425,4,8,18,11,1,3,30
5,exact_orbit,0.12,100,0.5,100,100,200,shared_orbit,0.0024771131685064063,0.49542263370128126,0.8996774272677975,-0.4866169338520932,1.374572103997,1.0714734137884572,0.139,0.274,0.106,0.528,500,1000,0.05,0,59327351,425,4,8,18,11,1,3,30
5,exact_orbit,0.12,200,0.5,200,200,400,full,0.0024756837029074157,0.9902734811629663,2.9794490928626587,-6.230891279113524,2.004500436686031,-3.887103560815982,0.002,0.012,0.124,,500,1000,0.05,0,129580141,335,44,5,54,5,4,1,52
5,exact_orbit,0.12,200,0.5,200,200,400,fundamental,0.0024771131685064063,0.9908452674025625,2.04959105405534,-2.5555791319327508,1.7679383870099608,-1.5701904652835497,0.008,0.09,0.224,,500,1000,0.05,0,129580141,335,44,5,54,5,4,1,52
5,exact_orbit,0.12,200,0.5,200,200,400,shared_orbit,0.0024771131685064063,0.9908452674025625,1.4264387644287893,0.040144403308898534,1.7971123039825483,0.6197393650942369,0.106,0.412,0.308,0.656,500,1000,0.05,0,129580141,335,44,5,54,5,4,1,52
5,exact_orbit,0.12,400,0.5,400,400,800,full,0.0024756837029074157,1.9805469623259326,3.9178099334967764,-6.678824799599295,2.3789778995583877,-6.071891906817347,0.0,0.018,0.36,,500,1000,0.05,0,3535408051,197,56,3,64,6,6,2,166
5,exact_orbit,0.12,400,0.5,400,400,800,fundamental,0.0024771131685064063,1.981690534805125,2.9712244868050757,-2.3270928797429606,2.1843149499515073,-2.4836174228028822,0.005,0.122,0.47,,500,1000,0.05,0,3535408051,197,56,3,64,6,6,2,166
5,exact_orbit,0.12,400,0.5,400,400,800,shared_orbit,0.0024771131685064063,1.981690534805125,2.266838829321641,0.8805444682017506,2.284232160438395,0.26809292035716603,0.077,0.622,0.584,0.81,500,1000,0.05,0,3535408051,197,56,3,64,6,6,2,166
5,exact_orbit,0.12,800,0.5,800,800,1600,full,0.0024756837029074157,3.9610939246518653,6.086037355452572,-5.89689173876339,3.1629257013693515,-7.228627321873121,0.0,0.052,0.606,,500,1000,0.05,0,1759647940,69,54,2,72,2,7,5,289
5,exact_orbit,0.12,800,0.5,800,800,1600,fundamental,0.0024771131685064063,3.96338106961025,5.064013528563647,-0.9274510185443344,3.0426767726926327,-3.15413119365384,0.0,0.324,0.736,,500,1000,0.05,0,1759647940,69,54,2,72,2,7,5,289
5,exact_orbit,0.12,800,0.5,800,800,1600,shared_orbit,0.0024771131685064063,3.96338106961025,4.1096362325182785,2.7233418713983872,3.0938012602393448,-0.1533522995097163,0.044,0.822,0.844,0.902,500,1000,0.05,0,1759647940,69,54,2,72,2,7,5,289
5,exact_orbit,0.12,1600,0.5,1600,1600,3200,full,0.0024756837029074157,7.9221878493037305,10.090619791865487,-3.278603663470366,4.2648515131965485,-8.7055480081066,0.0,0.216,0.92,,500,1000,0.05,0,2472645998,8,10,1,21,0,2,0,458
5,exact_orbit,0.12,1600,0.5,1600,1600,3200,fundamental,0.0024771131685064063,7.9267621392205,9.020718736570634,2.336107008902707,4.111961650508604,-3.7019587922847688,0.001,0.668,0.96,,500,1000,0.05,0,2472645998,8,10,1,21,0,2,0,458
5,exact_orbit,0.12,1600,0.5,1600,1600,3200,shared_orbit,0.0024771131685064063,7.9267621392205,8.09353941291916,6.707245051799268,4.1302871941219825,-1.4490760192344359,0.021,0.96,0.982,0.98,500,1000,0.05,0,2472645998,8,10,1,21,0,2,0,458
5,exact_orbit,0.12,3200,0.5,3200,3200,6400,full,0.0024756837029074157,15.844375698607461,18.272739624826755,3.517221808371004,5.637635570738338,-9.951606550098433,0.0,0.712,0.998,,500,1000,0.05,0,3888723654,0,0,0,1,0,0,0,499
5,exact_orbit,0.12,3200,0.5,3200,3200,6400,fundamental,0.0024771131685064063,15.853524278441,17.2963116030654,9.918552694837526,5.624718733953819,-4.391183542504692,0.001,0.974,1.0,,500,1000,0.05,0,3888723654,0,0,0,1,0,0,0,499
5,exact_orbit,0.12,3200,0.5,3200,3200,6400,shared_orbit,0.0024771131685064063,15.853524278441,16.284837467486778,14.898543106366887,5.460744552422318,-6.30798836942051,0.003,0.996,1.0,0.994,500,1000,0.05,0,3888723654,0,0,0,1,0,0,0,499
5,exact_orbit,0.18,100,0.5,100,100,200,full,0.005537653333898473,1.1075306667796947,3.2188118723639154,-4.605234138492379,2.1931046630343163,-2.7561463022862984,0.002,0.034,0.186,,500,1000,0.05,0,4168643995,340,23,11,33,13,6,2,72
5,exact_orbit,0.18,100,0.5,100,100,200,fundamental,0.005544556468300099,1.1089112936600198,2.1992543240831455,-1.7127686813450014,1.9847411488806073,-0.6623969276419865,0.022,0.168,0.236,,500,1000,0.05,0,4168643995,340,23,11,33,13,6,2,72
5,exact_orbit,0.18,100,0.5,100,100,200,shared_orbit,0.005544556468299877,1.1089112936599754,1.4792122109750199,0.09291784985512902,2.073852277270489,0.9486395169527706,0.121,0.438,0.268,0.706,500,1000,0.05,0,4168643995,340,23,11,33,13,6,2,72
5,exact_orbit,0.18,200,0.5,200,200,400,full,0.005537653333898473,2.2150613335593894,4.16556953999072,-5.044770831985462,2.4568809053765053,-4.707026467799588,0.002,0.04,0.388,,500,1000,0.05,0,3400997443,208,27,7,64,10,4,5,175
5,exact_orbit,0.18,200,0.5,200,200,400,fundamental,0.005544556468300099,2.2178225873200397,3.1508408663357006,-1.45432931965239,2.2574970097251694,-1.852969477279676,0.01,0.222,0.502,,500,1000,0.05,0,3400997443,208,27,7,64,10,4,5,175
5,exact_orbit,0.18,200,0.5,200,200,400,shared_orbit,0.005544556468299877,2.217822587319951,2.320366983512766,0.934072622392875,2.349475180414637,0.487948808604987,0.078,0.63,0.54,0.846,500,1000,0.05,0,3400997443,208,27,7,64,10,4,5,175
5,exact_orbit,0.18,400,0.5,400,400,800,full,0.005537653333898473,4.430122667118779,6.191699481174268,-4.404935251921805,3.145512051038612,-5.652013046855165,0.001,0.088,0.604,,500,1000,0.05,0,135098460,62,60,5,71,1,4,1,296
5,exact_orbit,0.18,400,0.5,400,400,800,fundamental,0.005544556468300099,4.435645174640079,5.203000897307996,-0.09531646924003986,3.105398331496003,-2.2950501908599845,0.005,0.428,0.746,,500,1000,0.05,0,135098460,62,60,5,71,1,4,1,296
5,exact_orbit,0.18,400,0.5,400,400,800,shared_orbit,0.005544556468299877,4.435645174639902,4.330617289035623,2.9443229279157324,3.217819817388175,-0.3096115819790801,0.03,0.83,0.862,0.936,500,1000,0.05,0,135098460,62,60,5,71,1,4,1,296
5,exact_orbit,0.18,800,0.5,800,800,1600,full,0.005537653333898473,8.860245334237558,11.126504800345101,-0.8564242938708628,4.566666148130238,-7.079217467080328,0.0,0.38,0.948,,500,1000,0.05,0,3838420546,1,9,1,15,0,1,0,473
5,exact_orbit,0.18,800,0.5,800,800,1600,fundamental,0.005544556468300099,8.871290349280159,10.15307466311096,4.161610116002978,4.375772191083499,-3.1296883903245467,0.001,0.814,0.978,,500,1000,0.05,0,3838420546,1,9,1,15,0,1,0,473
5,exact_orbit,0.18,800,0.5,800,800,1600,shared_orbit,0.005544556468299877,8.871290349279803,9.168934339277817,7.782639978157926,4.322346829035893,-1.9274711690123885,0.011,0.98,0.996,0.98,500,1000,0.05,0,3838420546,1,9,1,15,0,1,0,473
5,exact_orbit,0.18,1600,0.5,1600,1600,3200,full,0.005537653333898473,17.720490668475115,19.214140006816532,5.844916551480678,5.866696003478116,-8.64078119330625,0.0,0.856,0.998,,500,1000,0.05,0,3712172651,0,0,0,1,0,0,0,499
5,exact_orbit,0.18,1600,0.5,1600,1600,3200,fundamental,0.005544556468300099,17.742580698560317,18.191194937035323,11.506583209367395,5.797500338257393,-3.6257744163073777,0.001,0.986,1.0,,500,1000,0.05,0,3712172651,0,0,0,1,0,0,0,499
5,exact_orbit,0.18,1600,0.5,1600,1600,3200,shared_orbit,0.005544556468299877,17.742580698559607,17.181634650691855,15.795340289571966,5.8420354210418255,-7.966073509275358,0.001,0.994,1.0,1.0,500,1000,0.05,0,3712172651,0,0,0,1,0,0,0,499
5,exact_orbit,0.18,3200,0.5,3200,3200,6400,full,0.005537653333898473,35.44098133695023,37.80200308041863,23.04648526396289,7.840334464495257,-10.167740429768884,0.0,1.0,1.0,,500,1000,0.05,0,576856714,0,0,0,0,0,0,0,500
5,exact_orbit,0.18,3200,0.5,3200,3200,6400,fundamental,0.005544556468300099,35.485161397120635,36.78119037005646,29.403431461828585,7.786540014434226,-4.510051307692734,0.0,1.0,1.0,,500,1000,0.05,0,576856714,0,0,0,0,0,0,0,500
5,exact_orbit,0.18,3200,0.5,3200,3200,6400,shared_orbit,0.005544556468299877,35.485161397119214,35.90618478633504,34.51989042521515,7.661015644529705,-20.98316570875215,0.0,1.0,1.0,1.0,500,1000,0.05,0,576856714,0,0,0,0,0,0,0,500
5,exact_orbit,0.25,100,0.5,100,100,200,full,0.010579606692645547,2.1159213385291094,4.3509309090768,-3.4731151017794946,2.716915845648976,-3.164748592275247,0.002,0.112,0.39,,500,1000,0.05,0,2128539568,204,38,4,59,14,2,11,168
5,exact_orbit,0.25,100,0.5,100,100,200,fundamental,0.010603763900094432,2.1207527800188863,3.2938881767469796,-0.6181348286811673,2.4306207133213342,-0.9839612033417433,0.016,0.342,0.484,,500,1000,0.05,0,2128539568,204,38,4,59,14,2,11,168
5,exact_orbit,0.25,100,0.5,100,100,200,shared_orbit,0.010603763900094432,2.1207527800188863,2.4422610107147835,1.0559666495948927,2.4817021362838725,0.5882123788393907,0.086,0.634,0.534,0.796,500,1000,0.05,0,2128539568,204,38,4,59,14,2,11,168
5,exact_orbit,0.25,200,0.5,200,200,400,full,0.010579606692645547,4.231842677058219,6.195181971778219,-3.0151584001979628,3.1829041725952574,-4.475163206889116,0.002,0.166,0.628,,500,1000,0.05,0,3907165495,80,51,7,48,4,6,4,300
5,exact_orbit,0.25,200,0.5,200,200,400,fundamental,0.010603763900094432,4.241505560037773,5.1640092344255715,0.5588390484374807,3.043639727526794,-1.6472337866518005,0.009,0.53,0.718,,500,1000,0.05,0,3907165495,80,51,7,48,4,6,4,300
5,exact_orbit,0.25,200,0.5,200,200,400,shared_orbit,0.010603763900094432,4.241505560037773,4.183425216580308,2.7971308554604173,3.210666761647868,-0.040251833072030285,0.046,0.806,0.81,0.932,500,1000,0.05,0,3907165495,80,51,7,48,4,6,4,300
5,exact_orbit,0.25,400,0.5,400,400,800,full,0.010579606692645547,8.463685354116437,10.517028325059139,-0.0796064080369345,4.5652006590259795,-5.652169821539166,0.001,0.446,0.91,,500,1000,0.05,0,3935726372,8,18,0,19,0,2,0,453
5,exact_orbit,0.25,400,0.5,400,400,800,fundamental,0.010603763900094432,8.483011120075545,9.480712605225815,4.18239523867778,4.351132021742687,-2.0711322190394013,0.009,0.832,0.944,,500,1000,0.05,0,3935726372,8,18,0,19,0,2,0,453
5,exact_orbit,0.25,400,0.5,400,400,800,shared_orbit,0.010603763900094432,8.483011120075545,8.442262413860162,7.05596805274027,4.38862733029821,-1.8775129390811534,0.018,0.948,0.984,0.978,500,1000,0.05,0,3935726372,8,18,0,19,0,2,0,453
5,exact_orbit,0.25,800,0.5,800,800,1600,full,0.010579606692645547,16.927370708232875,18.888788913109877,6.905859818893914,6.0174306315472155,-7.5069766561303215,0.0,0.88,1.0,,500,1000,0.05,0,1572180007,0,0,0,0,0,0,0,500
5,exact_orbit,0.25,800,0.5,800,800,1600,fundamental,0.010603763900094432,16.96602224015109,17.924046694576248,11.932582147468267,5.942469701798584,-3.1360516359444697,0.004,0.998,1.0,,500,1000,0.05,0,1572180007,0,0,0,0,0,0,0,500
5,exact_orbit,0.25,800,0.5,800,800,1600,shared_orbit,0.010603763900094432,16.96602224015109,16.865972524255906,15.479678163136015,5.925798675914751,-7.38852467680783,0.001,1.0,1.0,0.998,500,1000,0.05,0,1572180007,0,0,0,0,0,0,0,500
5,exact_orbit,0.25,1600,0.5,1600,1600,3200,full,0.010579606692645547,33.85474141646575,35.58503174887244,22.215808293536593,7.987043053415938,-8.644145212474907,0.0,1.0,1.0,,500,1000,0.05,0,3520506990,0,0,0,0,0,0,0,500
5,exact_orbit,0.25,1600,0.5,1600,1600,3200,fundamental,0.010603763900094432,33.93204448030218,34.672811770819855,27.988200043151934,8.008092191043287,-3.741028875506073,0.002,1.0,1.0,,500,1000,0.05,0,3520506990,0,0,0,0,0,0,0,500
5,exact_orbit,0.25,1600,0.5,1600,1600,3200,shared_orbit,0.010603763900094432,33.93204448030218,33.68187882559609,32.29558446447621,8.092347401188162,-19.5435099353441,0.0,1.0,1.0,1.0,500,1000,0.05,0,3520506990,0,0,0,0,0,0,0,500
5,exact_orbit,0.25,3200,0.5,3200,3200,6400,full,0.010579606692645547,67.7094828329315,69.58907117473693,54.8335533582812,12.090484676179505,-10.218846712527949,0.0,1.0,1.0,,500,1000,0.05,0,3223530022,0,0,0,0,0,0,0,500
5,exact_orbit,0.25,3200,0.5,3200,3200,6400,fundamental,0.010603763900094432,67.86408896060436,68.7843188730953,61.40655996486743,11.992292852405342,-4.407617084731569,0.001,1.0,1.0,,500,1000,0.05,0,3223530022,0,0,0,0,0,0,0,500
5,exact_orbit,0.25,3200,0.5,3200,3200,6400,shared_orbit,0.010603763900094432,67.86408896060436,67.7735916435576,66.38729728243767,12.010884646903268,-46.44660373020053,0.0,1.0,1.0,1.0,500,1000,0.05,0,3223530022,0,0,0,0,0,0,0,500
5,higher_mode,0.08,100,0.5,100,100,200,full,0.0012197932832639117,0.24395865665278235,2.2712736779375984,-5.552772332918695,1.546916115692772,-2.6487541130499483,0.004,0.0,0.048,,500,1000,0.05,0,3396883974,456,3,4,13,14,1,1,8
5,higher_mode,0.08,100,0.5,100,100,200,fundamental,3.917725362123647e-06,0.0007835450724247295,1.0156144659026762,-2.8964085395254706,1.0306779887978277,-0.9327222899445013,0.023,0.02,0.052,,500,1000,0.05,0,3396883974,456,3,4,13,14,1,1,8
5,higher_mode,0.08,100,0.5,100,100,200,shared_orbit,-0.0011247540314971438,-0.22495080629942876,0.5523287600753374,-0.8339656010445533,1.0638094412639505,1.159316536841349,0.176,0.154,0.05,,500,1000,0.05,0,3396883974,456,3,4,13,14,1,1,8
5,higher_mode,0.08,200,0.5,200,200,400,full,0.0012197932832639117,0.4879173133055647,2.4646377961077452,-6.745702575868438,1.6104294534254058,-4.423497327486567,0.002,0.0,0.088,,500,1000,0.05,0,365498770,437,13,0,6,30,3,1,10
5,higher_mode,0.08,200,0.5,200,200,400,fundamental,3.917725362123647e-06,0.001567090144849459,1.041563505046341,-3.5636066809417506,0.9517198821161893,-1.4931120850516395,0.01,0.006,0.034,,500,1000,0.05,0,365498770,437,13,0,6,30,3,1,10
5,higher_mode,0.08,200,0.5,200,200,400,shared_orbit,-0.0011247540314971438,-0.4499016125988575,0.423070188835773,-0.9632241722841177,1.0499048672354092,0.8899219868736774,0.138,0.16,0.064,,500,1000,0.05,0,365498770,437,13,0,6,30,3,1,10
5,higher_mode,0.08,400,0.5,400,400,800,full,0.0012197932832639117,0.9758346266111294,3.2526588411803528,-7.343975891915719,2.361508839847778,-5.747166637219072,0.001,0.012,0.206,,500,1000,0.05,0,2497060990,380,7,4,6,77,2,5,19
5,higher_mode,0.08,400,0.5,400,400,800,fundamental,3.917725362123647e-06,0.003134180289698918,1.0495749411446358,-4.2487424254034,1.1215823715004964,-2.3928488772672436,0.003,0.004,0.068,,500,1000,0.05,0,2497060990,380,7,4,6,77,2,5,19
5,higher_mode,0.08,400,0.5,400,400,800,shared_orbit,-0.0011247540314971438,-0.899803225197715,0.2023730375898872,-1.1839213235300035,1.278997937513259,0.7030524862060512,0.11,0.14,0.068,,500,1000,0.05,0,2497060990,380,7,4,6,77,2,5,19
5,higher_mode,0.08,800,0.5,800,800,1600,full,0.0012197932832639117,1.9516692532222588,3.938256905268625,-8.04467218894734,2.386381931462945,-7.307324765922916,0.0,0.002,0.328,,500,1000,0.05,0,1496299767,327,5,2,2,142,5,3,14
5,higher_mode,0.08,800,0.5,800,800,1600,fundamental,3.917725362123647e-06,0.006268360579397836,1.0107450140332876,-4.980719533074693,0.967843280516876,-2.807799997365593,0.001,0.0,0.042,,500,1000,0.05,0,1496299767,327,5,2,2,142,5,3,14
5,higher_mode,0.08,800,0.5,800,800,1600,shared_orbit,-0.0011247540314971438,-1.79960645039543,-0.48505112570660186,-1.8713454868264925,1.5131057490964983,0.8081881186584534,0.087,0.106,0.052,,500,1000,0.05,0,1496299767,327,5,2,2,142,5,3,14
5,higher_mode,0.08,1600,0.5,1600,1600,3200,full,0.0012197932832639117,3.9033385064445176,5.831881907392852,-7.537341547943003,3.03435681970387,-8.505717400004325,0.0,0.022,0.574,,500,1000,0.05,0,2170926875,210,0,1,2,260,8,5,14
5,higher_mode,0.08,1600,0.5,1600,1600,3200,fundamental,3.917725362123647e-06,0.012536721158795672,0.996788605266398,-5.687823122401529,0.9498167709037554,-3.5653483229604728,0.002,0.0,0.044,,500,1000,0.05,0,2170926875,210,0,1,2,260,8,5,14
5,higher_mode,0.08,1600,0.5,1600,1600,3200,shared_orbit,-0.0011247540314971438,-3.59921290079086,-1.7517404571341522,-3.138034818254043,1.9607648864397709,0.10502216568182043,0.054,0.05,0.048,,500,1000,0.05,0,2170926875,210,0,1,2,260,8,5,14
5,higher_mode,0.08,3200,0.5,3200,3200,6400,full,0.0012197932832639117,7.806677012889035,9.67933598331896,-5.07618183313679,3.8718465538306854,-9.82894231215053,0.0,0.08,0.91,,500,1000,0.05,0,1565497957,44,1,0,0,402,35,7,11
5,higher_mode,0.08,3200,0.5,3200,3200,6400,fundamental,3.917725362123647e-06,0.025073442317591343,1.020311827736572,-6.357447080491304,0.9287741287105117,-4.385526571270489,0.002,0.0,0.036,,500,1000,0.05,0,1565497957,44,1,0,0,402,35,7,11
5,higher_mode,0.08,3200,0.5,3200,3200,6400,shared_orbit,-0.0011247540314971438,-7.19842580158172,-4.581207657553295,-5.967502018673187,2.8308544237554196,-2.176471414375211,0.011,0.014,0.094,,500,1000,0.05,0,1565497957,44,1,0,0,402,35,7,11
5,higher_mode,0.12,100,0.5,100,100,200,full,0.00281290906633652,0.562581813267304,2.6291313097385816,-5.194914701117712,1.7686640719850981,-2.9235303878390244,0.005,0.012,0.118,,500,1000,0.05,0,1304261453,422,7,2,10,46,3,1,9
5,higher_mode,0.12,100,0.5,100,100,200,fundamental,2.0317564972671676e-05,0.004063512994534335,0.9932341843181324,-2.9187888211100144,0.9714005476044681,-0.7757497822794557,0.022,0.014,0.044,,500,1000,0.05,0,1304261453,422,7,2,10,46,3,1,9
5,higher_mode,0.12,100,0.5,100,100,200,shared_orbit,-0.0025461000073432327,-0.5092200014686465,0.38324927803050596,-1.0030450830893847,1.0457169324678026,0.8553744238421397,0.129,0.144,0.058,,500,1000,0.05,0,1304261453,422,7,2,10,46,3,1,9
5,higher_mode,0.12,200,0.5,200,200,400,full,0.00281290906633652,1.125163626534608,3.0441643924729487,-6.166175979503234,1.9927635675064852,-4.5403593787039345,0.0,0.01,0.17,,500,1000,0.05,0,242876267,400,5,5,5,68,4,4,9
5,higher_mode,0.12,200,0.5,200,200,400,fundamental,2.0317564972671676e-05,0.00812702598906867,0.9414944481529326,-3.6636757378351597,0.9077992228341029,-1.5718845114619358,0.007,0.008,0.046,,500,1000,0.05,0,242876267,400,5,5,5,68,4,4,9
5,higher_mode,0.12,200,0.5,200,200,400,shared_orbit,-0.0025461000073432327,-1.018440002937293,-0.04139656900754244,-1.4276909301274332,1.236534646357441,0.7331727686618061,0.108,0.112,0.046,,500,1000,0.05,0,242876267,400,5,5,5,68,4,4,9
5,higher_mode,0.12,400,0.5,400,400,800,full,0.00281290906633652,2.250327253069216,4.203421240968266,-6.393213492127805,2.493372605150754,-5.987812964410216,0.0,0.02,0.368,,500,1000,0.05,0,2335261481,306,7,2,1,161,2,8,13
5,higher_mode,0.12,400,0.5,400,400,800,fundamental,2.0317564972671676e-05,0.01625405197813734,0.9961313326088194,-4.302186033939217,0.8826476925522494,-2.4370487513843555,0.003,0.0,0.048,,500,1000,0.05,0,2335261481,306,7,2,1,161,2,8,13
5,higher_mode,0.12,400,0.5,400,400,800,shared_orbit,-0.0025461000073432327,-2.036880005874586,-0.7930557019603193,-2.17935006308021,1.5244178629694307,0.2541624621065959,0.066,0.056,0.046,,500,1000,0.05,0,2335261481,306,7,2,1,161,2,8,13
5,higher_mode,0.12,800,0.5,800,800,1600,full,0.00281290906633652,4.500654506138432,6.493302251896987,-5.489626842318977,3.1606324196093243,-7.334229319014215,0.0,0.062,0.71,,500,1000,0.05,0,1569951653,142,2,0,1,327,8,5,15
5,higher_mode,0.12,800,0.5,800,800,1600,fundamental,2.0317564972671676e-05,0.03250810395627468,1.0032709148681151,-4.988193632239866,0.9499717242754578,-2.8674568501204627,0.005,0.0,0.042,,500,1000,0.05,0,1569951653,142,2,0,1,327,8,5,15
5,higher_mode,0.12,800,0.5,800,800,1600,shared_orbit,-0.0025461000073432327,-4.073760011749172,-2.2291340584391217,-3.6154284195590125,2.2476399497776516,-0.22915820897253147,0.04,0.044,0.052,,500,1000,0.05,0,1569951653,142,2,0,1,327,8,5,15
5,higher_mode,0.12,1600,0.5,1600,1600,3200,full,0.00281290906633652,9.001309012276865,10.914978809037517,-2.4542446462983363,4.44095907337236,-8.805651960079924,0.0,0.258,0.936,,500,1000,0.05,0,1806500465,32,0,0,0,405,25,12,26
5,higher_mode,0.12,1600,0.5,1600,1600,3200,fundamental,2.0317564972671676e-05,0.06501620791254936,1.0687240295166376,-5.6158876981512895,1.1459718126352247,-3.748594871887418,0.003,0.004,0.076,,500,1000,0.05,0,1806500465,32,0,0,0,405,25,12,26
5,higher_mode,0.12,1600,0.5,1600,1600,3200,shared_orbit,-0.0025461000073432327,-8.147520023498345,-5.479214021684644,-6.865508382804537,3.149791189276603,-2.6618598191095053,0.014,0.018,0.102,,500,1000,0.05,0,1806500465,32,0,0,0,405,25,12,26
5,higher_mode,0.12,3200,0.5,3200,3200,6400,full,0.00281290906633652,18.00261802455373,19.72440663391764,4.968888817461889,6.3340636885540995,-10.14654146061278,0.0,0.78,1.0,,500,1000,0.05,0,3193719948,0,0,0,0,439,27,21,13
5,higher_mode,0.12,3200,0.5,3200,3200,6400,fundamental,2.0317564972671676e-05,0.13003241582509872,1.1509909288806774,-6.226767979347198,1.1300935257815092,-4.2650056399638885,0.0,0.0,0.068,,500,1000,0.05,0,3193719948,0,0,0,0,439,27,21,13
5,higher_mode,0.12,3200,0.5,3200,3200,6400,shared_orbit,-0.0025461000073432327,-16.29504004699669,-12.722254433847459,-14.108548794967351,4.013194242300519,-8.32134184279823,0.002,0.0,0.08,,500,1000,0.05,0,3193719948,0,0,0,0,439,27,21,13
5,higher_mode,0.18,100,0.5,100,100,200,full,0.006547215472201542,1.3094430944403084,3.380349809906045,-4.443696200950249,2.1870991684734795,-3.0674220658704474,0.002,0.042,0.232,,500,1000,0.05,0,814267007,363,12,6,3,92,6,4,14
5,higher_mode,0.18,100,0.5,100,100,200,fundamental,0.00010602143611704307,0.021204287223408613,1.0269372925558742,-2.885085712872273,0.9693918181274565,-0.9302303550172377,0.019,0.022,0.054,,500,1000,0.05,0,814267007,363,12,6,3,92,6,4,14
5,higher_mode,0.18,100,0.5,100,100,200,shared_orbit,-0.005761763895609562,-1.1523527791219124,0.01585769390764733,-1.3704366672122432,1.272931431162923,0.4720498869259624,0.101,0.12,0.07,,500,1000,0.05,0,814267007,363,12,6,3,92,6,4,14
5,higher_mode,0.18,200,0.5,200,200,400,full,0.006547215472201542,2.6188861888806167,4.906117181338761,-4.304223190637421,2.8206242205052603,-4.2459202946238666,0.001,0.084,0.426,,500,1000,0.05,0,138528948,278,5,0,4,164,16,10,23
5,higher_mode,0.18,200,0.5,200,200,400,fundamental,0.00010602143611704307,0.04240857444681723,1.158121764669384,-3.4470484213187076,1.124056059519808,-1.7755129684521949,0.009,0.024,0.074,,500,1000,0.05,0,138528948,278,5,0,4,164,16,10,23
5,higher_mode,0.18,200,0.5,200,200,400,shared_orbit,-0.005761763895609562,-2.3047055582438247,-0.7343280444387015,-2.120622405558592,1.7878838139422522,0.21808127832457935,0.064,0.108,0.096,,500,1000,0.05,0,138528948,278,5,0,4,164,16,10,23
5,higher_mode,0.18,400,0.5,400,400,800,full,0.006547215472201542,5.2377723777612335,7.373095826472673,-3.2235389066234004,3.547194899257042,-5.786355231139771,0.0,0.166,0.752,,500,1000,0.05,0,2644275792,124,0,0,0,340,13,11,12
5,higher_mode,0.18,400,0.5,400,400,800,fundamental,0.00010602143611704307,0.08481714889363445,1.0128073368099253,-4.28551002973811,1.1018340184782833,-2.0293858000728333,0.004,0.008,0.046,,500,1000,0.05,0,2644275792,124,0,0,0,340,13,11,12
5,higher_mode,0.18,400,0.5,400,400,800,shared_orbit,-0.005761763895609562,-4.6094111164876495,-2.7766355772104307,-4.162929938330322,2.101189438013218,-0.7569656793738166,0.031,0.032,0.05,,500,1000,0.05,0,2644275792,124,0,0,0,340,13,11,12
5,higher_mode,0.18,800,0.5,800,800,1600,full,0.006547215472201542,10.475544755522467,12.340609382455773,0.3576802882398098,4.628509725847954,-7.329467743468998,0.001,0.474,0.978,,500,1000,0.05,0,2128879784,9,2,0,0,417,35,16,21
5,higher_mode,0.18,800,0.5,800,800,1600,fundamental,0.00010602143611704307,0.1696342977872689,1.0770767172867746,-4.914387829821207,1.056473884563737,-3.1844486349881587,0.003,0.006,0.074,,500,1000,0.05,0,2128879784,9,2,0,0,417,35,16,21
5,higher_mode,0.18,800,0.5,800,800,1600,shared_orbit,-0.005761763895609562,-9.218822232975299,-6.333160699428782,-7.7194550605486745,3.1969263023680874,-3.8581816782076395,0.007,0.004,0.116,,500,1000,0.05,0,2128879784,9,2,0,0,417,35,16,21
5,higher_mode,0.18,1600,0.5,1600,1600,3200,full,0.006547215472201542,20.951089511044934,22.67478362237634,9.305560167040483,6.857865620197974,-8.654081671788301,0.0,0.944,1.0,,500,1000,0.05,0,1926993307,0,0,0,0,405,50,29,16
5,higher_mode,0.18,1600,0.5,1600,1600,3200,fundamental,0.00010602143611704307,0.3392685955745378,1.3465497497083851,-5.3380619779595415,1.2599651185846374,-3.591441760975341,0.0,0.006,0.09,,500,1000,0.05,0,1926993307,0,0,0,0,405,50,29,16
5,higher_mode,0.18,1600,0.5,1600,1600,3200,shared_orbit,-0.005761763895609562,-18.437644465950598,-14.392449287977701,-15.77874364909759,4.691672657537615,-10.641578810576558,0.0,0.002,0.132,,500,1000,0.05,0,1926993307,0,0,0,0,405,50,29,16
5,higher_mode,0.18,3200,0.5,3200,3200,6400,full,0.006547215472201542,41.90217902208987,44.081742716956754,29.326224900501018,9.4956686651511,-10.265800849359067,0.0,1.0,1.0,,500,1000,0.05,0,3013027653,0,0,0,0,343,70,52,35
5,higher_mode,0.18,3200,0.5,3200,3200,6400,fundamental,0.00010602143611704307,0.6785371911490756,1.6543272108454476,-5.723431697382428,1.5064818054619298,-4.465944049094574,0.0,0.01,0.174,,500,1000,0.05,0,3013027653,0,0,0,0,343,70,52,35
5,higher_mode,0.18,3200,0.5,3200,3200,6400,shared_orbit,-0.005761763895609562,-36.875288931901196,-31.21482585614082,-32.6011202172607,6.658815894663382,-27.22170920741848,0.0,0.0,0.21,,500,1000,0.05,0,3013027653,0,0,0,0,343,70,52,35
5,higher_mode,0.25,100,0.5,100,100,200,full,0.013075177608383406,2.615035521676681,4.5844805826191894,-3.2395654282371042,2.658289908067276,-3.0731822522043206,0.003,0.11,0.4,,500,1000,0.05,0,1597736155,288,3,4,5,169,4,11,16
5,higher_mode,0.25,100,0.5,100,100,200,fundamental,0.00040502152517540857,0.08100430503508171,1.0649104380663335,-2.8471125673618136,1.0987366975481925,-1.009044506401744,0.02,0.032,0.072,,500,1000,0.05,0,1597736155,288,3,4,5,169,4,11,16
5,higher_mode,0.25,100,0.5,100,100,200,shared_orbit,-0.011129980252705174,-2.2259960505410348,-0.8896988817913227,-2.275993242911213,1.7423157878054418,0.42603972708417737,0.064,0.084,0.056,,500,1000,0.05,0,1597736155,288,3,4,5,169,4,11,16
5,higher_mode,0.25,200,0.5,200,200,400,full,0.013075177608383406,5.230071043353362,7.405792474899487,-1.8045478970766946,3.6506572367574432,-4.561230250134523,0.0,0.246,0.758,,500,1000,0.05,0,1355406948,119,2,0,0,313,30,14,22
5,higher_mode,0.25,200,0.5,200,200,400,fundamental,0.00040502152517540857,0.16200861007016343,1.1190868986015219,-3.4860832873865695,1.1100948076369732,-1.525660732008551,0.015,0.012,0.072,,500,1000,0.05,0,1355406948,119,2,0,0,313,30,14,22
5,higher_mode,0.25,200,0.5,200,200,400,shared_orbit,-0.011129980252705174,-4.4519921010820696,-2.458108858618887,-3.8444032197387776,2.23916208044664,-1.0914939472487466,0.025,0.052,0.108,,500,1000,0.05,0,1355406948,119,2,0,0,313,30,14,22
5,higher_mode,0.25,400,0.5,400,400,800,full,0.013075177608383406,10.460142086706725,12.370073509152808,1.7734387760567356,4.467309718955584,-5.963165372817377,0.0,0.618,0.982,,500,1000,0.05,0,455445153,8,1,0,0,395,42,30,24
5,higher_mode,0.25,400,0.5,400,400,800,fundamental,0.00040502152517540857,0.32401722014032686,1.3688947115437418,-3.929422655004294,1.4239831072746385,-2.4487266104586807,0.005,0.028,0.108,,500,1000,0.05,0,455445153,8,1,0,0,395,42,30,24
5,higher_mode,0.25,400,0.5,400,400,800,shared_orbit,-0.011129980252705174,-8.903984202164139,-6.286384944634653,-7.672679305754546,3.339247178808691,-4.0242973045177415,0.002,0.01,0.134,,500,1000,0.05,0,455445153,8,1,0,0,395,42,30,24
5,higher_mode,0.25,800,0.5,800,800,1600,full,0.013075177608383406,20.92028417341345,23.075792476789964,11.092863382574004,6.699964170156835,-6.98967952012052,0.0,0.97,0.998,,500,1000,0.05,0,2937024691,0,1,0,0,359,71,40,29
5,higher_mode,0.25,800,0.5,800,800,1600,fundamental,0.00040502152517540857,0.6480344402806537,1.6685186139192782,-4.322945933188703,1.6053402575520865,-2.901427493190014,0.002,0.024,0.138,,500,1000,0.05,0,2937024691,0,1,0,0,359,71,40,29
5,higher_mode,0.25,800,0.5,800,800,1600,shared_orbit,-0.011129980252705174,-17.807968404328278,-13.625793020865824,-15.012087381985715,4.649995175390274,-11.219449256719255,0.0,0.002,0.202,,500,1000,0.05,0,2937024691,0,1,0,0,359,71,40,29
5,higher_mode,0.25,1600,0.5,1600,1600,3200,full,0.013075177608383406,41.8405683468269,43.36606639922691,29.99684294389106,8.508517597111927,-8.458494850931313,0.0,1.0,1.0,,500,1000,0.05,0,3257434205,0,0,0,0,270,90,86,54
5,higher_mode,0.25,1600,0.5,1600,1600,3200,fundamental,0.00040502152517540857,1.2960688805613074,2.395271788713326,-4.289339938954601,1.9785520234766534,-3.64054673688379,0.0,0.042,0.28,,500,1000,0.05,0,3257434205,0,0,0,0,270,90,86,54
5,higher_mode,0.25,1600,0.5,1600,1600,3200,shared_orbit,-0.011129980252705174,-35.615936808656556,-30.152913749261046,-31.539208110380933,6.247723188117309,-28.14814521881237,0.0,0.0,0.288,,500,1000,0.05,0,3257434205,0,0,0,0,270,90,86,54
5,higher_mode,0.25,3200,0.5,3200,3200,6400,full,0.013075177608383406,83.6811366936538,84.24554693792024,69.4900291214645,12.119428270085375,-9.895812386582321,0.0,1.0,1.0,,500,1000,0.05,0,3794386839,0,0,0,0,138,110,104,148
5,higher_mode,0.25,3200,0.5,3200,3200,6400,fundamental,0.00040502152517540857,2.592137761122615,3.547965716343355,-3.8297931918845203,2.2702763137880466,-4.345882122852814,0.001,0.07,0.504,,500,1000,0.05,0,3794386839,0,0,0,0,138,110,104,148
5,higher_mode,0.25,3200,0.5,3200,3200,6400,shared_orbit,-0.011129980252705174,-71.23187361731311,-62.500931529073,-63.88722589019289,9.040434486531142,-64.9499262776477,0.0,0.0,0.516,,500,1000,0.05,0,3794386839,0,0,0,0,138,110,104,148
5,independent_fundamental,0.08,100,0.5,100,100,200,full,0.00034272472426167275,0.06854494485233455,2.021655175776371,-5.8023908350799225,1.4285561604379768,-3.0548153632333754,0.006,0.004,0.048,,500,1000,0.05,0,3687241305,462,0,4,10,9,0,4,11
5,independent_fundamental,0.08,100,0.5,100,100,200,fundamental,0.0003427528142008196,0.06855056284016392,1.042385676146006,-2.8696373292821407,1.0369348794441728,-0.8820536199927682,0.016,0.032,0.058,,500,1000,0.05,0,3687241305,462,0,4,10,9,0,4,11
5,independent_fundamental,0.08,100,0.5,100,100,200,shared_orbit,0.00011438903367544384,0.022877806735088768,0.6009687736787909,-0.7853255874410998,1.0722726772848001,1.1691861841641222,0.177,0.16,0.042,,500,1000,0.05,0,3687241305,462,0,4,10,9,0,4,11
5,independent_fundamental,0.08,200,0.5,200,200,400,full,0.00034272472426167275,0.1370898897046691,2.2250693545753415,-6.985271017400841,1.5624994818700282,-4.120398126973706,0.001,0.0,0.062,,500,1000,0.05,0,2597454349,432,17,4,16,14,1,1,15
5,independent_fundamental,0.08,200,0.5,200,200,400,fundamental,0.0003427528142008196,0.13710112568032784,1.1779941953950708,-3.42717599059302,1.1236276458646541,-1.438263705034406,0.011,0.014,0.072,,500,1000,0.05,0,2597454349,432,17,4,16,14,1,1,15
5,independent_fundamental,0.08,200,0.5,200,200,400,shared_orbit,0.00011438903367544384,0.045755613470177536,0.6687237173140661,-0.7175706438058246,1.1086908635163308,0.9869522489519833,0.14,0.198,0.098,,500,1000,0.05,0,2597454349,432,17,4,16,14,1,1,15
5,independent_fundamental,0.08,400,0.5,400,400,800,full,0.00034272472426167275,0.2741797794093382,2.318520283076385,-8.278114450019686,1.5801816779344937,-5.664663299874894,0.0,0.0,0.072,,500,1000,0.05,0,523241768,418,17,4,25,12,3,7,14
5,independent_fundamental,0.08,400,0.5,400,400,800,fundamental,0.0003427528142008196,0.2742022513606557,1.287591402642347,-4.0107259639056885,1.2425503972978265,-2.2828911250868087,0.006,0.014,0.1,,500,1000,0.05,0,523241768,418,17,4,25,12,3,7,14
5,independent_fundamental,0.08,400,0.5,400,400,800,shared_orbit,0.00011438903367544384,0.09151122694035507,0.5999376208055923,-0.7863567403142984,1.2695059835180653,0.831822792400889,0.125,0.244,0.118,,500,1000,0.05,0,523241768,418,17,4,25,12,3,7,14
5,independent_fundamental,0.08,800,0.5,800,800,1600,full,0.00034272472426167275,0.5483595588186764,2.438276524536521,-9.54465256967944,1.6693714104691004,-7.400283141091025,0.0,0.0,0.102,,500,1000,0.05,0,1663504867,392,25,8,24,9,3,7,32
5,independent_fundamental,0.08,800,0.5,800,800,1600,fundamental,0.0003427528142008196,0.5484045027213114,1.4636281381725558,-4.527836408935426,1.3784098319657196,-3.129558925784651,0.001,0.014,0.142,,500,1000,0.05,0,1663504867,392,25,8,24,9,3,7,32
5,independent_fundamental,0.08,800,0.5,800,800,1600,shared_orbit,0.00011438903367544384,0.18302245388071015,0.4478743497328842,-0.9384200113870066,1.5977855581790246,0.37411158366683517,0.076,0.214,0.168,,500,1000,0.05,0,1663504867,392,25,8,24,9,3,7,32
5,independent_fundamental,0.08,1600,0.5,1600,1600,3200,full,0.00034272472426167275,1.0967191176373527,3.1267898560705363,-10.242433599265318,2.0494878836109276,-8.54277990880328,0.0,0.002,0.174,,500,1000,0.05,0,343467508,309,58,8,38,15,3,3,66
5,independent_fundamental,0.08,1600,0.5,1600,1600,3200,fundamental,0.0003427528142008196,1.0968090054426227,2.0715513006001145,-4.613060427067812,1.7018432231958176,-3.663649559667375,0.0,0.014,0.23,,500,1000,0.05,0,343467508,309,58,8,38,15,3,3,66
5,independent_fundamental,0.08,1600,0.5,1600,1600,3200,shared_orbit,0.00011438903367544384,0.3660449077614203,0.5997539560342975,-0.7865404050855932,2.0679914201636045,0.1120442658551648,0.052,0.344,0.33,,500,1000,0.05,0,343467508,309,58,8,38,15,3,3,66
5,independent_fundamental,0.08,3200,0.5,3200,3200,6400,full,0.00034272472426167275,2.1934382352747055,4.248509862059047,-10.507007954396704,2.6878884853874303,-10.288528239162616,0.0,0.002,0.38,,500,1000,0.05,0,2029947784,168,83,13,46,5,8,13,164
5,independent_fundamental,0.08,3200,0.5,3200,3200,6400,fundamental,0.0003427528142008196,2.1936180108852454,3.24951483896048,-4.128244069267395,2.415485847090416,-4.539497980293632,0.0,0.062,0.472,,500,1000,0.05,0,2029947784,168,83,13,46,5,8,13,164
5,independent_fundamental,0.08,3200,0.5,3200,3200,6400,shared_orbit,0.00011438903367544384,0.7320898155228406,0.8494801529229881,-0.5368142081969027,3.312549932719757,-1.4930704342219732,0.024,0.41,0.602,,500,1000,0.05,0,2029947784,168,83,13,46,5,8,13,164
5,independent_fundamental,0.12,100,0.5,100,100,200,full,0.0007694079030475193,0.15388158060950385,2.2251548491502686,-5.5988911617060255,1.586186972838004,-2.879322803411286,0.006,0.014,0.058,,500,1000,0.05,0,234157422,439,15,2,15,14,2,4,9
5,independent_fundamental,0.12,100,0.5,100,100,200,fundamental,0.0007695463723358387,0.15390927446716773,1.1479589987695376,-2.764064006658609,1.1811796776493984,-0.8219137127923881,0.021,0.032,0.06,,500,1000,0.05,0,234157422,439,15,2,15,14,2,4,9
5,independent_fundamental,0.12,100,0.5,100,100,200,shared_orbit,0.0002569446161111433,0.051388923222228655,0.6028731874493098,-0.7834211736705808,1.236856815473232,0.9883570725743349,0.14,0.188,0.082,,500,1000,0.05,0,234157422,439,15,2,15,14,2,4,9
5,independent_fundamental,0.12,200,0.5,200,200,400,full,0.0007694079030475193,0.3077631612190077,2.441214771221349,-6.769125600754834,1.5438591413360965,-4.456279463281968,0.0,0.004,0.08,,500,1000,0.05,0,1917402705,422,16,3,19,8,4,4,24
5,independent_fundamental,0.12,200,0.5,200,200,400,fundamental,0.0007695463723358387,0.30781854893433547,1.4103544098016654,-3.194815776186426,1.2957727367434102,-1.5111484444400007,0.01,0.026,0.1,,500,1000,0.05,0,1917402705,422,16,3,19,8,4,4,24
5,independent_fundamental,0.12,200,0.5,200,200,400,shared_orbit,0.0002569446161111433,0.10277784644445731,0.6613835389946071,-0.7249108221252837,1.421162940894503,0.7599129080523463,0.118,0.242,0.126,,500,1000,0.05,0,1917402705,422,16,3,19,8,4,4,24
5,independent_fundamental,0.12,400,0.5,400,400,800,full,0.0007694079030475193,0.6155263224380154,2.65339791234878,-7.943236820747291,1.7610555248322153,-5.753550217048007,0.0,0.002,0.118,,500,1000,0.05,0,2120938855,374,21,13,33,13,1,5,40
5,independent_fundamental,0.12,400,0.5,400,400,800,fundamental,0.0007695463723358387,0.6156370978686709,1.6665491993791444,-3.6317681671688917,1.4930746211786128,-2.393488196837171,0.006,0.024,0.182,,500,1000,0.05,0,2120938855,374,21,13,33,13,1,5,40
5,independent_fundamental,0.12,400,0.5,400,400,800,shared_orbit,0.0002569446161111433,0.20555569288891462,0.648086906289785,-0.7382074548301059,1.7830712683887104,0.5570817247754614,0.09,0.294,0.19,,500,1000,0.05,0,2120938855,374,21,13,33,13,1,5,40
5,independent_fundamental,0.12,800,0.5,800,800,1600,full,0.0007694079030475193,1.2310526448760308,3.208777666415064,-8.774151427800899,2.1161606447866923,-7.241031423589705,0.0,0.0,0.216,,500,1000,0.05,0,983096298,292,50,12,38,10,5,10,83
5,independent_fundamental,0.12,800,0.5,800,800,1600,fundamental,0.0007695463723358387,1.2312741957373419,2.2882697409528903,-3.7031948061550914,1.943012878975332,-3.2104560112105824,0.001,0.052,0.286,,500,1000,0.05,0,983096298,292,50,12,38,10,5,10,83
5,independent_fundamental,0.12,800,0.5,800,800,1600,shared_orbit,0.0002569446161111433,0.41111138577782924,0.6926765947033927,-0.693617766416498,2.4781958694308357,-0.0887581547891576,0.046,0.344,0.352,,500,1000,0.05,0,983096298,292,50,12,38,10,5,10,83
5,independent_fundamental,0.12,1600,0.5,1600,1600,3200,full,0.0007694079030475193,2.4621052897520617,4.348761429908485,-9.020462025427369,2.6098611969186587,-8.849906294151335,0.0,0.004,0.398,,500,1000,0.05,0,2687952847,142,104,5,50,6,14,12,167
5,independent_fundamental,0.12,1600,0.5,1600,1600,3200,fundamental,0.0007695463723358387,2.4625483914746837,3.355841217351097,-3.32877051031683,2.3106884829118672,-3.675593218058294,0.001,0.092,0.468,,500,1000,0.05,0,2687952847,142,104,5,50,6,14,12,167
5,independent_fundamental,0.12,1600,0.5,1600,1600,3200,shared_orbit,0.0002569446161111433,0.8222227715556585,0.8162869558889579,-0.5700074052309329,3.4105902258810694,-2.1033424633411606,0.01,0.434,0.67,,500,1000,0.05,0,2687952847,142,104,5,50,6,14,12,167
5,independent_fundamental,0.12,3200,0.5,3200,3200,6400,full,0.0007694079030475193,4.924210579504123,7.173051216872532,-7.582466599583217,3.658572381965273,-10.15162339847032,0.0,0.032,0.742,,500,1000,0.05,0,4257157400,28,57,7,37,2,8,11,350
5,independent_fundamental,0.12,3200,0.5,3200,3200,6400,fundamental,0.0007695463723358387,4.9250967829493675,6.1116432605865665,-1.2661156476413085,3.518484502250327,-4.480976921321158,0.0,0.3,0.81,,500,1000,0.05,0,4257157400,28,57,7,37,2,8,11,350
5,independent_fundamental,0.12,3200,0.5,3200,3200,6400,shared_orbit,0.0002569446161111433,1.644445543111317,1.9466717232619084,0.5603773621420177,4.94738050313001,-5.734601983556441,0.004,0.51,0.904,,500,1000,0.05,0,4257157400,28,57,7,37,2,8,11,350
5,independent_fundamental,0.18,100,0.5,100,100,200,full,0.0017225732851041215,0.3445146570208243,2.319005705193184,-5.505040305663109,1.6463256087067544,-2.9439300732113782,0.003,0.014,0.07,,500,1000,0.05,0,739291538,426,12,3,24,15,2,3,15
5,independent_fundamental,0.18,100,0.5,100,100,200,fundamental,0.0017232446650097266,0.3446489330019453,1.2559601951045265,-2.6560628103236206,1.2829193705878945,-1.0769943650313616,0.016,0.044,0.09,,500,1000,0.05,0,739291538,426,12,3,24,15,2,3,15
5,independent_fundamental,0.18,100,0.5,100,100,200,shared_orbit,0.0005759702948062717,0.11519405896125434,0.5210441509458562,-0.8652502101740345,1.3462563870151452,0.6254076241734234,0.104,0.18,0.106,,500,1000,0.05,0,739291538,426,12,3,24,15,2,3,15
5,independent_fundamental,0.18,200,0.5,200,200,400,full,0.0017225732851041215,0.6890293140416486,2.798291148174425,-6.412049223801758,1.81235556421075,-4.529305494363749,0.0,0.006,0.134,,500,1000,0.05,0,1959698347,351,40,9,33,10,4,8,45
5,independent_fundamental,0.18,200,0.5,200,200,400,fundamental,0.0017232446650097266,0.6892978660038906,1.7255341768254366,-2.8796360091626543,1.5022822565528273,-1.7033401972044162,0.007,0.06,0.19,,500,1000,0.05,0,1959698347,351,40,9,33,10,4,8,45
5,independent_fundamental,0.18,200,0.5,200,200,400,shared_orbit,0.0005759702948062717,0.23038811792250868,0.6057824711438548,-0.7805118899760359,1.7858078144426066,0.42750658635316463,0.066,0.294,0.244,,500,1000,0.05,0,1959698347,351,40,9,33,10,4,8,45
5,independent_fundamental,0.18,400,0.5,400,400,800,full,0.0017225732851041215,1.3780586280832972,3.388094945339921,-7.20853978775615,2.141855931796636,-5.861756304122002,0.001,0.002,0.22,,500,1000,0.05,0,2226960029,279,66,11,34,7,9,10,84
5,independent_fundamental,0.18,400,0.5,400,400,800,fundamental,0.0017232446650097266,1.3785957320077813,2.3523052564699256,-2.9460121100781107,1.916132275457022,-2.1887283186604973,0.004,0.08,0.278,,500,1000,0.05,0,2226960029,279,66,11,34,7,9,10,84
5,independent_fundamental,0.18,400,0.5,400,400,800,shared_orbit,0.0005759702948062717,0.46077623584501737,0.5758844856280143,-0.8104098754918764,2.513156381431539,-0.26294359373275333,0.041,0.356,0.386,,500,1000,0.05,0,2226960029,279,66,11,34,7,9,10,84
5,independent_fundamental,0.18,800,0.5,800,800,1600,full,0.0017225732851041215,2.7561172561665943,4.8153061749241175,-7.167622919291845,2.72968931364596,-7.498843374697374,0.0,0.016,0.482,,500,1000,0.05,0,328906577,106,78,9,66,1,10,12,218
5,independent_fundamental,0.18,800,0.5,800,800,1600,fundamental,0.0017232446650097266,2.7571914640155626,3.8605676931371873,-2.130896853970794,2.5917049638096565,-3.329035230896708,0.001,0.18,0.61,,500,1000,0.05,0,328906577,106,78,9,66,1,10,12,218
5,independent_fundamental,0.18,800,0.5,800,800,1600,shared_orbit,0.0005759702948062717,0.9215524716900347,1.0724285216014704,-0.3138658395184203,3.7787245422121973,-2.859855194712164,0.011,0.486,0.744,,500,1000,0.05,0,328906577,106,78,9,66,1,10,12,218
5,independent_fundamental,0.18,1600,0.5,1600,1600,3200,full,0.0017225732851041215,5.512234512333189,7.352191543920139,-6.017031911415716,3.4206413867515972,-8.771898043533294,0.0,0.068,0.76,,500,1000,0.05,0,1665505380,13,44,3,60,1,5,1,373
5,independent_fundamental,0.18,1600,0.5,1600,1600,3200,fundamental,0.0017232446650097266,5.514382928031125,6.374816117628712,-0.309795610039214,3.342710923746275,-3.8264476090786967,0.0,0.396,0.874,,500,1000,0.05,0,1665505380,13,44,3,60,1,5,1,373
5,independent_fundamental,0.18,1600,0.5,1600,1600,3200,shared_orbit,0.0005759702948062717,1.8431049433800695,1.6767466973548253,0.29045233623493455,5.01226826472639,-8.514567533083774,0.0,0.5,0.964,,500,1000,0.05,0,1665505380,13,44,3,60,1,5,1,373
5,independent_fundamental,0.18,3200,0.5,3200,3200,6400,full,0.0017225732851041215,11.024469024666377,13.08988845053275,-1.6656293659229988,5.1179133729780295,-9.805222429052293,0.0,0.312,0.976,,500,1000,0.05,0,1302449708,0,2,0,10,0,1,0,487
5,independent_fundamental,0.18,3200,0.5,3200,3200,6400,fundamental,0.0017232446650097266,11.02876585606225,12.148974743830804,4.771215835602929,5.048751341997279,-4.383439678160826,0.0,0.844,0.994,,500,1000,0.05,0,1302449708,0,2,0,10,0,1,0,487
5,independent_fundamental,0.18,3200,0.5,3200,3200,6400,shared_orbit,0.0005759702948062717,3.686209886760139,3.780220211347656,2.3939258502277654,7.506366939355389,-20.01515960001927,0.0,0.644,1.0,,500,1000,0.05,0,1302449708,0,2,0,10,0,1,0,487
5,independent_fundamental,0.25,100,0.5,100,100,200,full,0.0032957824742261867,0.6591564948452373,2.7164341468195143,-5.107611864036779,1.8960028872644528,-3.1271306972483774,0.002,0.02,0.152,,500,1000,0.05,0,979298099,367,29,11,17,15,5,7,49
5,independent_fundamental,0.25,100,0.5,100,100,200,fundamental,0.0032981465305608193,0.6596293061121639,1.6697783552664585,-2.242244650161689,1.6177784225523002,-0.9669671721283857,0.018,0.082,0.168,,500,1000,0.05,0,979298099,367,29,11,17,15,5,7,49
5,independent_fundamental,0.25,100,0.5,100,100,200,shared_orbit,0.0011042310624109763,0.22084621248219527,0.5008112194340744,-0.8854831416858164,1.899202153987187,0.4076414704417781,0.072,0.252,0.2,,500,1000,0.05,0,979298099,367,29,11,17,15,5,7,49
5,independent_fundamental,0.25,200,0.5,200,200,400,full,0.0032957824742261867,1.3183129896904746,3.450295111171643,-5.760045260804539,2.1807319758611263,-4.459613772968206,0.001,0.022,0.238,,500,1000,0.05,0,830290255,248,66,22,45,11,6,9,93
5,independent_fundamental,0.25,200,0.5,200,200,400,fundamental,0.0032981465305608193,1.3192586122243277,2.4262954828194134,-2.178874703168678,1.9399025547438844,-1.739913692698356,0.009,0.13,0.338,,500,1000,0.05,0,830290255,248,66,22,45,11,6,9,93
5,independent_fundamental,0.25,200,0.5,200,200,400,shared_orbit,0.0011042310624109763,0.44169242496439054,0.6500630312222406,-0.7362313298976502,2.5450949487231553,-0.3341846053575599,0.04,0.364,0.42,,500,1000,0.05,0,830290255,248,66,22,45,11,6,9,93
5,independent_fundamental,0.25,400,0.5,400,400,800,full,0.0032957824742261867,2.6366259793809492,4.631624916743145,-5.965009816352928,2.5879292869576114,-5.846860532757239,0.0,0.022,0.442,,500,1000,0.05,0,4268958019,118,82,15,64,9,8,13,191
5,independent_fundamental,0.25,400,0.5,400,400,800,fundamental,0.0032981465305608193,2.6385172244486554,3.642924092885416,-1.6553932736626207,2.4017294538075857,-2.3945728653541947,0.005,0.224,0.566,,500,1000,0.05,0,4268958019,118,82,15,64,9,8,13,191
5,independent_fundamental,0.25,400,0.5,400,400,800,shared_orbit,0.0011042310624109763,0.8833848499287811,0.8649726875060287,-0.5213216736138622,3.5870701421524465,-2.4220674266060733,0.006,0.436,0.69,,500,1000,0.05,0,4268958019,118,82,15,64,9,8,13,191
5,independent_fundamental,0.25,800,0.5,800,800,1600,full,0.0032957824742261867,5.2732519587618985,7.102212715999349,-4.880716378216613,3.5528078154652425,-7.195804402446614,0.0,0.106,0.73,,500,1000,0.05,0,664425726,26,61,5,43,1,7,3,354
5,independent_fundamental,0.25,800,0.5,800,800,1600,fundamental,0.0032981465305608193,5.277034448897311,6.082380815591413,0.09091626848343144,3.4065573134600196,-2.9971786910122242,0.002,0.454,0.81,,500,1000,0.05,0,664425726,26,61,5,43,1,7,3,354
5,independent_fundamental,0.25,800,0.5,800,800,1600,shared_orbit,0.0011042310624109763,1.7667696998575622,1.5004931073454144,0.1141987462255237,5.238138650893454,-7.555157011767843,0.0,0.504,0.93,,500,1000,0.05,0,664425726,26,61,5,43,1,7,3,354
5,independent_fundamental,0.25,1600,0.5,1600,1600,3200,full,0.0032957824742261867,10.546503917523797,12.729366758718426,-0.639856696617426,4.449415428342078,-8.734683765162483,0.0,0.408,0.978,,500,1000,0.05,0,3305302448,0,8,0,3,0,1,1,487
5,independent_fundamental,0.25,1600,0.5,1600,1600,3200,fundamental,0.0032981465305608193,10.554068897794622,11.699455082122217,5.01484335445429,4.365721384199272,-3.678895610300698,0.001,0.882,0.982,,500,1000,0.05,0,3305302448,0,8,0,3,0,1,1,487
5,independent_fundamental,0.25,1600,0.5,1600,1600,3200,shared_orbit,0.0011042310624109763,3.5335393997151243,3.9523571481617235,2.5660627870418327,6.964771395913546,-19.06816777232927,0.0,0.672,0.998,,500,1000,0.05,0,3305302448,0,8,0,3,0,1,1,487
5,independent_fundamental,0.25,3200,0.5,3200,3200,6400,full,0.0032957824742261867,21.093007835047594,22.651652495649124,7.896134679193372,6.760139171599913,-9.77858993009707,0.0,0.888,0.996,,500,1000,0.05,0,2922801042,0,0,0,2,0,0,0,498
5,independent_fundamental,0.25,3200,0.5,3200,3200,6400,fundamental,0.0032981465305608193,21.108137795589244,21.682781336381264,14.305022428153391,6.602346717643803,-4.2694983953556545,0.0,0.992,1.0,,500,1000,0.05,0,2922801042,0,0,0,2,0,0,0,498
5,independent_fundamental,0.25,3200,0.5,3200,3200,6400,shared_orbit,0.0011042310624109763,7.067078799430249,6.430371063835221,5.044076702715329,10.264396325019966,-47.2412480819272,0.0,0.714,1.0,,500,1000,0.05,0,2922801042,0,0,0,2,0,0,0,498
6,exact_orbit,0.08,100,0.5,100,100,200,full,0.0007984037177103881,0.15968074354207762,2.6260892809115335,-7.153968232658835,1.653269415038019,-3.9048966015734248,0.003,0.004,0.052,,500,1000,0.05,0,3879239869,452,6,2,14,10,2,1,13
6,exact_orbit,0.08,100,0.5,100,100,200,fundamental,0.0007985629732309985,0.1597125946461997,1.1613692460604794,-2.7506537593676677,1.1499882835479693,-0.6868925755489039,0.027,0.028,0.06,,500,1000,0.05,0,3879239869,452,6,2,14,10,2,1,13
6,exact_orbit,0.08,100,0.5,100,100,200,shared_orbit,0.0007985629732312205,0.1597125946462441,0.7984427911424392,-0.810995121291661,1.1171605889434604,1.1003911787171774,0.136,0.186,0.07,0.326,500,1000,0.05,0,3879239869,452,6,2,14,10,2,1,13
6,exact_orbit,0.08,200,0.5,200,200,400,full,0.0007984037177103881,0.31936148708415524,2.816906407932257,-8.696019057037967,1.732195668415664,-5.877886136691519,0.0,0.0,0.074,,500,1000,0.05,0,711857851,430,9,3,21,11,2,3,21
6,exact_orbit,0.08,200,0.5,200,200,400,fundamental,0.0007985629732309985,0.3194251892923994,1.2878406133889768,-3.3173295725991148,1.3162443277474982,-1.5839211046374162,0.01,0.036,0.096,,500,1000,0.05,0,711857851,430,9,3,21,11,2,3,21
6,exact_orbit,0.08,200,0.5,200,200,400,shared_orbit,0.0007985629732312205,0.3194251892924882,0.8447948930949433,-0.7646430193391569,1.3301469855316788,0.7969913121094578,0.106,0.188,0.106,0.43,500,1000,0.05,0,711857851,430,9,3,21,11,2,3,21
6,exact_orbit,0.08,400,0.5,400,400,800,full,0.0007984037177103881,0.6387229741683105,3.198077443679812,-10.047715972690277,1.9696156204162112,-7.463951039437191,0.0,0.0,0.116,,500,1000,0.05,0,3429720125,383,21,4,34,20,3,4,31
6,exact_orbit,0.08,400,0.5,400,400,800,fundamental,0.0007985629732309985,0.6388503785847988,1.6290504118004092,-3.6692669547476267,1.472458611646204,-2.1732616274863004,0.004,0.03,0.146,,500,1000,0.05,0,3429720125,383,21,4,34,20,3,4,31
6,exact_orbit,0.08,400,0.5,400,400,800,shared_orbit,0.0007985629732312205,0.6388503785849764,1.077123688144411,-0.5323142242896892,1.4530709885219142,0.6894483798106876,0.098,0.286,0.178,0.584,500,1000,0.05,0,3429720125,383,21,4,34,20,3,4,31
6,exact_orbit,0.08,800,0.5,800,800,1600,full,0.0007984037177103881,1.277445948336621,3.755990281528192,-11.222671086241762,2.2602480537420244,-9.481140423924652,0.0,0.002,0.196,,500,1000,0.05,0,2733262483,321,26,8,47,20,4,8,66
6,exact_orbit,0.08,800,0.5,800,800,1600,fundamental,0.0007985629732309985,1.2777007571695975,2.1564067515342877,-3.8350577955736944,1.793950215374022,-3.045489989361969,0.003,0.04,0.258,,500,1000,0.05,0,2733262483,321,26,8,47,20,4,8,66
6,exact_orbit,0.08,800,0.5,800,800,1600,shared_orbit,0.0007985629732312205,1.2777007571699528,1.4202134659415788,-0.18922444649252157,1.8256915769667401,0.5077683996839142,0.085,0.394,0.286,0.744,500,1000,0.05,0,2733262483,321,26,8,47,20,4,8,66
6,exact_orbit,0.08,1600,0.5,1600,1600,3200,full,0.0007984037177103881,2.554891896673242,4.941829474049818,-11.769699845119996,2.70697089499769,-11.415752630621459,0.0,0.0,0.396,,500,1000,0.05,0,3434628882,186,56,4,56,6,12,1,179
6,exact_orbit,0.08,1600,0.5,1600,1600,3200,fundamental,0.0007985629732309985,2.555401514339195,3.503642607017582,-3.180969120650345,2.4152530315958685,-3.61133471632702,0.001,0.104,0.48,,500,1000,0.05,0,3434628882,186,56,4,56,6,12,1,179
6,exact_orbit,0.08,1600,0.5,1600,1600,3200,shared_orbit,0.0007985629732312205,2.5554015143399056,2.6991918313179974,1.0897539188838974,2.552258639720444,0.2865003957078216,0.065,0.658,0.606,0.846,500,1000,0.05,0,3434628882,186,56,4,56,6,12,1,179
6,exact_orbit,0.08,3200,0.5,3200,3200,6400,full,0.0007984037177103881,5.109783793346484,7.681533021125634,-10.76286424944405,3.551843431065345,-13.152376061917757,0.0,0.006,0.726,,500,1000,0.05,0,3201554706,37,28,3,69,4,4,0,355
6,exact_orbit,0.08,3200,0.5,3200,3200,6400,fundamental,0.0007985629732309985,5.11080302867839,6.185896516251669,-1.1918623919762064,3.3677029745074996,-4.497041871797151,0.0,0.334,0.854,,500,1000,0.05,0,3201554706,37,28,3,69,4,4,0,355
6,exact_orbit,0.08,3200,0.5,3200,3200,6400,shared_orbit,0.0007985629732312205,5.110803028679811,5.3160275849231695,3.7065896724890686,3.354324691482209,-0.771791333173337,0.03,0.876,0.912,0.958,500,1000,0.05,0,3201554706,37,28,3,69,4,4,0,355
6,exact_orbit,0.12,100,0.5,100,100,200,full,0.001791942226462605,0.358388445292521,2.7761134845687474,-7.003944029001622,1.7128109236077986,-4.23817577928409,0.002,0.004,0.086,,500,1000,0.05,0,3252908308,425,10,5,17,14,1,2,26
6,exact_orbit,0.12,100,0.5,100,100,200,fundamental,0.0017927437773570531,0.35854875547141063,1.3583961875529598,-2.553626817875187,1.2524138450117377,-0.8943257891403045,0.017,0.06,0.1,,500,1000,0.05,0,3252908308,425,10,5,17,14,1,2,26
6,exact_orbit,0.12,100,0.5,100,100,200,shared_orbit,0.001792743777356831,0.3585487554713662,0.9115459424910324,-0.6978919699430679,1.2072997864898456,0.7745136120882308,0.12,0.226,0.108,0.506,500,1000,0.05,0,3252908308,425,10,5,17,14,1,2,26
6,exact_orbit,0.12,200,0.5,200,200,400,full,0.001791942226462605,0.716776890585042,3.3478802454470924,-8.165045219523131,2.1063350690361746,-6.282399974161127,0.0,0.004,0.15,,500,1000,0.05,0,2439242879,357,17,8,43,13,3,5,54
6,exact_orbit,0.12,200,0.5,200,200,400,fundamental,0.0017927437773570531,0.7170975109428213,1.7997193473318058,-2.8054508386562858,1.6696021499921605,-1.8695646967685393,0.004,0.07,0.22,,500,1000,0.05,0,2439242879,357,17,8,43,13,3,5,54
6,exact_orbit,0.12,200,0.5,200,200,400,shared_orbit,0.001792743777356831,0.7170975109427324,1.1748441499114564,-0.43459376252264403,1.6321454172224918,0.4341185133268255,0.092,0.298,0.234,0.568,500,1000,0.05,0,2439242879,357,17,8,43,13,3,5,54
6,exact_orbit,0.12,400,0.5,400,400,800,full,0.001791942226462605,1.433553781170084,3.9590100908560037,-9.286783325514088,2.305797166740556,-7.8906756603993955,0.0,0.004,0.252,,500,1000,0.05,0,4113109436,266,38,9,61,20,7,5,94
6,exact_orbit,0.12,400,0.5,400,400,800,fundamental,0.0017927437773570531,1.4341950218856425,2.430974485914679,-2.8673428806333567,1.9551702742288228,-2.252888108148073,0.008,0.09,0.338,,500,1000,0.05,0,4113109436,266,38,9,61,20,7,5,94
6,exact_orbit,0.12,400,0.5,400,400,800,shared_orbit,0.001792743777356831,1.4341950218854649,1.7582757444627888,0.14883783202868833,1.9966647319735276,0.38127260041453614,0.071,0.496,0.4,0.714,500,1000,0.05,0,4113109436,266,38,9,61,20,7,5,94
6,exact_orbit,0.12,800,0.5,800,800,1600,full,0.001791942226462605,2.867107562340168,5.398934049783841,-9.579727317986116,2.7940910177243565,-9.754746275476672,0.0,0.0,0.46,,500,1000,0.05,0,33325571,147,42,7,74,9,2,7,212
6,exact_orbit,0.12,800,0.5,800,800,1600,fundamental,0.0017927437773570531,2.868390043771285,4.028703527869161,-1.9627610192388203,2.548062369374355,-3.0482065211534897,0.003,0.22,0.6,,500,1000,0.05,0,33325571,147,42,7,74,9,2,7,212
6,exact_orbit,0.12,800,0.5,800,800,1600,shared_orbit,0.001792743777356831,2.8683900437709298,3.136231846260961,1.526793933826861,2.607452894815315,0.3179167464838202,0.062,0.698,0.66,0.856,500,1000,0.05,0,33325571,147,42,7,74,9,2,7,212
6,exact_orbit,0.12,1600,0.5,1600,1600,3200,full,0.001791942226462605,5.734215124680336,8.167830361953632,-8.543698957216183,3.760828606909619,-11.537479033632511,0.0,0.024,0.778,,500,1000,0.05,0,3934371844,28,31,2,50,3,6,0,380
6,exact_orbit,0.12,1600,0.5,1600,1600,3200,fundamental,0.0017927437773570531,5.73678008754257,6.762836405565789,0.07822467789786311,3.572473918672104,-3.659195995223582,0.001,0.456,0.864,,500,1000,0.05,0,3934371844,28,31,2,50,3,6,0,380
6,exact_orbit,0.12,1600,0.5,1600,1600,3200,shared_orbit,0.001792743777356831,5.7367800875418595,5.84348264378147,4.234044731347368,3.6374660958176026,-0.6361578663016416,0.024,0.9,0.934,0.956,500,1000,0.05,0,3934371844,28,31,2,50,3,6,0,380
6,exact_orbit,0.12,3200,0.5,3200,3200,6400,full,0.001791942226462605,11.468430249360672,14.104281728908493,-4.340115541661196,4.838088208953696,-12.80907158565541,0.0,0.18,0.98,,500,1000,0.05,0,1955537137,0,2,0,8,0,0,0,490
6,exact_orbit,0.12,3200,0.5,3200,3200,6400,fundamental,0.0017927437773570531,11.47356017508514,12.593397175584807,5.2156382673569315,4.705259812680267,-4.35717387661181,0.0,0.872,0.996,,500,1000,0.05,0,1955537137,0,2,0,8,0,0,0,490
6,exact_orbit,0.12,3200,0.5,3200,3200,6400,shared_orbit,0.001792743777356831,11.473560175083719,11.587885291546554,9.978447379112454,4.604386160097863,-3.562385416417624,0.003,0.992,1.0,0.992,500,1000,0.05,0,1955537137,0,2,0,8,0,0,0,490
6,exact_orbit,0.18,100,0.5,100,100,200,full,0.004009471673419147,0.8018943346838294,3.3720894826046823,-6.407968030965686,2.0115271064165823,-4.097360094695857,0.003,0.014,0.112,,500,1000,0.05,0,1511359981,380,24,9,31,14,2,3,37
6,exact_orbit,0.18,100,0.5,100,100,200,fundamental,0.004013476843905739,0.8026953687811478,1.7830482491190125,-2.128974756309135,1.5972359279455697,-0.7077250662548744,0.027,0.092,0.16,,500,1000,0.05,0,1511359981,380,24,9,31,14,2,3,37
6,exact_orbit,0.18,100,0.5,100,100,200,shared_orbit,0.004013476843905739,0.8026953687811478,1.1777577806949076,-0.4316801317391929,1.616586121944495,0.8113056308683781,0.119,0.322,0.188,0.59,500,1000,0.05,0,1511359981,380,24,9,31,14,2,3,37
6,exact_orbit,0.18,200,0.5,200,200,400,full,0.004009471673419147,1.6037886693676588,4.214366065544991,-7.298559399425233,2.4996409966517663,-6.04986665258939,0.0,0.01,0.262,,500,1000,0.05,0,2306361272,268,30,4,67,17,5,5,104
6,exact_orbit,0.18,200,0.5,200,200,400,fundamental,0.004013476843905739,1.6053907375622956,2.713295639557564,-1.8918745464305267,2.19837347166928,-1.5913286011936139,0.013,0.15,0.36,,500,1000,0.05,0,2306361272,268,30,4,67,17,5,5,104
6,exact_orbit,0.18,200,0.5,200,200,400,shared_orbit,0.004013476843905739,1.6053907375622956,1.9841694288811744,0.374731516447074,2.2624697443402026,0.4169065821726463,0.081,0.506,0.412,0.758,500,1000,0.05,0,2306361272,268,30,4,67,17,5,5,104
6,exact_orbit,0.18,400,0.5,400,400,800,full,0.004009471673419147,3.2075773387353177,5.682496465717195,-7.563296950652897,2.9750276725923763,-7.32628385677522,0.0,0.018,0.398,,500,1000,0.05,0,4055610916,130,45,5,121,4,5,1,189
6,exact_orbit,0.18,400,0.5,400,400,800,fundamental,0.004013476843905739,3.210781475124591,4.1715694382246635,-1.1267479283233721,2.6433533905717983,-2.3882452442240547,0.005,0.288,0.632,,500,1000,0.05,0,4055610916,130,45,5,121,4,5,1,189
6,exact_orbit,0.18,400,0.5,400,400,800,shared_orbit,0.004013476843905739,3.210781475124591,3.2722892265655013,1.662851314131401,2.7111645446602286,0.04205902399000938,0.05,0.724,0.72,0.882,500,1000,0.05,0,4055610916,130,45,5,121,4,5,1,189
6,exact_orbit,0.18,800,0.5,800,800,1600,full,0.004009471673419147,6.415154677470635,8.919266785743268,-6.0593945820266875,3.9824242580425744,-9.450443767402911,0.0,0.074,0.784,,500,1000,0.05,0,1973005898,19,39,1,49,1,4,0,387
6,exact_orbit,0.18,800,0.5,800,800,1600,fundamental,0.004013476843905739,6.421562950249182,7.381186007708615,1.3897214606006334,3.6618540108229554,-2.7993284530556517,0.003,0.584,0.874,,500,1000,0.05,0,1973005898,19,39,1,49,1,4,0,387
6,exact_orbit,0.18,800,0.5,800,800,1600,shared_orbit,0.004013476843905739,6.421562950249182,6.435544772472302,4.826106860038202,3.676107071929133,-1.129820722210593,0.029,0.918,0.958,0.962,500,1000,0.05,0,1973005898,19,39,1,49,1,4,0,387
6,exact_orbit,0.18,1600,0.5,1600,1600,3200,full,0.004009471673419147,12.83030935494127,15.492316492732947,-1.219212826436869,5.538732840982293,-11.34678552856963,0.0,0.38,0.998,,500,1000,0.05,0,3763321598,0,0,0,1,0,0,0,499
6,exact_orbit,0.18,1600,0.5,1600,1600,3200,fundamental,0.004013476843905739,12.843125900498364,13.967197860318434,7.282586132650508,5.357151338040785,-3.7879252488225585,0.001,0.938,1.0,,500,1000,0.05,0,3763321598,0,0,0,1,0,0,0,499
6,exact_orbit,0.18,1600,0.5,1600,1600,3200,shared_orbit,0.004013476843905739,12.843125900498364,12.955790812554273,11.346352900120172,5.317573649222376,-5.258538064182017,0.004,0.986,1.0,0.998,500,1000,0.05,0,3763321598,0,0,0,1,0,0,0,499
6,exact_orbit,0.18,3200,0.5,3200,3200,6400,full,0.004009471673419147,25.66061870988254,28.622344510978174,10.177947240408491,7.385515725856066,-12.776362788699124,0.0,0.928,1.0,,500,1000,0.05,0,163720254,0,0,0,0,0,0,0,500
6,exact_orbit,0.18,3200,0.5,3200,3200,6400,fundamental,0.004013476843905739,25.68625180099673,27.152441116183056,19.774682207955184,7.256131040443045,-4.5497053279127755,0.001,1.0,1.0,,500,1000,0.05,0,163720254,0,0,0,0,0,0,0,500
6,exact_orbit,0.18,3200,0.5,3200,3200,6400,shared_orbit,0.004013476843905739,25.68625180099673,26.082488935825943,24.473051023391847,7.2279332396328115,-13.26552233104378,0.0,1.0,1.0,1.0,500,1000,0.05,0,163720254,0,0,0,0,0,0,0,500
6,exact_orbit,0.25,100,0.5,100,100,200,full,0.007663306507457505,1.532661301491501,4.099649301528661,-5.680408212041707,2.4350262657238653,-4.259708782236798,0.002,0.028,0.242,,500,1000,0.05,0,2578588667,280,30,7,62,16,3,5,97
6,exact_orbit,0.25,100,0.5,100,100,200,fundamental,0.00767788938703684,1.535577877407368,2.5070382063371683,-1.4049847990909785,2.0150099690451806,-0.9560247970203131,0.017,0.216,0.342,,500,1000,0.05,0,2578588667,280,30,7,62,16,3,5,97
6,exact_orbit,0.25,100,0.5,100,100,200,shared_orbit,0.00767788938703684,1.535577877407368,1.6962974689639891,0.08685955652988878,2.0900579470736838,0.38321671582905315,0.083,0.446,0.384,0.756,500,1000,0.05,0,2578588667,280,30,7,62,16,3,5,97
6,exact_orbit,0.25,200,0.5,200,200,400,full,0.007663306507457505,3.065322602983002,5.6027849536426055,-5.910140511327619,2.868289571940602,-6.2372713027621565,0.0,0.042,0.488,,500,1000,0.05,0,4070658067,122,44,7,83,9,10,1,224
6,exact_orbit,0.25,200,0.5,200,200,400,fundamental,0.00767788938703684,3.071155754814736,4.079187069818655,-0.5259831161694354,2.5380830870200155,-1.6810411089953918,0.006,0.354,0.63,,500,1000,0.05,0,4070658067,122,44,7,83,9,10,1,224
6,exact_orbit,0.25,200,0.5,200,200,400,shared_orbit,0.00767788938703684,3.071155754814736,3.244681546611219,1.635243634177119,2.5767521350230655,0.02138350784689469,0.053,0.722,0.722,0.898,500,1000,0.05,0,4070658067,122,44,7,83,9,10,1,224
6,exact_orbit,0.25,400,0.5,400,400,800,full,0.007663306507457505,6.130645205966004,8.57937505148144,-4.66641836488865,3.905356309797288,-7.870712954368813,0.0,0.104,0.792,,500,1000,0.05,0,1361978366,22,27,0,55,0,3,1,392
6,exact_orbit,0.25,400,0.5,400,400,800,fundamental,0.00767788938703684,6.142311509629472,7.153168760410908,1.854851393862872,3.7401608054122173,-2.456472250348571,0.004,0.658,0.896,,500,1000,0.05,0,1361978366,22,27,0,55,0,3,1,392
6,exact_orbit,0.25,400,0.5,400,400,800,shared_orbit,0.00767788938703684,6.142311509629472,6.2194569779643665,4.610019065530266,3.772548293642273,-1.557343174532275,0.018,0.9,0.954,0.966,500,1000,0.05,0,1361978366,22,27,0,55,0,3,1,392
6,exact_orbit,0.25,800,0.5,800,800,1600,full,0.007663306507457505,12.261290411932007,15.058494011541342,0.07983264377138648,5.070795190867211,-9.340289339581185,0.0,0.486,0.984,,500,1000,0.05,0,2595255454,0,1,0,7,0,2,0,490
6,exact_orbit,0.25,800,0.5,800,800,1600,fundamental,0.00767788938703684,12.284623019258945,13.675479350311313,7.684014803203333,5.006471944246192,-2.813631914170302,0.004,0.948,0.994,,500,1000,0.05,0,2595255454,0,1,0,7,0,2,0,490
6,exact_orbit,0.25,800,0.5,800,800,1600,shared_orbit,0.00767788938703684,12.284623019258945,12.713588822384754,11.104150909950654,4.9007289110085095,-4.130711631438158,0.004,0.99,1.0,0.992,500,1000,0.05,0,2595255454,0,1,0,7,0,2,0,490
6,exact_orbit,0.25,1600,0.5,1600,1600,3200,full,0.007663306507457505,24.522580823864015,26.980220227636327,10.268690908466514,7.10485840623822,-10.95188862686496,0.0,0.946,1.0,,500,1000,0.05,0,1400365955,0,0,0,0,0,0,0,500
6,exact_orbit,0.25,1600,0.5,1600,1600,3200,fundamental,0.00767788938703684,24.56924603851789,25.561781307210822,18.877169579542898,6.959941875042393,-3.4232678964869603,0.003,1.0,1.0,,500,1000,0.05,0,1400365955,0,0,0,0,0,0,0,500
6,exact_orbit,0.25,1600,0.5,1600,1600,3200,shared_orbit,0.00767788938703684,24.56924603851789,24.5589541574541,22.949516245020007,7.026687935628636,-12.032341567595562,0.0,1.0,1.0,1.0,500,1000,0.05,0,1400365955,0,0,0,0,0,0,0,500
6,exact_orbit,0.25,3200,0.5,3200,3200,6400,full,0.007663306507457505,49.04516164772803,51.49891231550522,33.05451504493553,9.877334122242754,-13.032469747361837,0.0,1.0,1.0,,500,1000,0.05,0,1277285874,0,0,0,0,0,0,0,500
6,exact_orbit,0.25,3200,0.5,3200,3200,6400,fundamental,0.00767788938703684,49.13849207703578,49.966491215424,42.58873230719613,9.775221153826658,-4.380173575217228,0.0,1.0,1.0,,500,1000,0.05,0,1277285874,0,0,0,0,0,0,0,500
6,exact_orbit,0.25,3200,0.5,3200,3200,6400,shared_orbit,0.00767788938703684,49.13849207703578,49.00202375191887,47.39258583948477,9.780502801354972,-31.717218042184708,0.0,1.0,1.0,1.0,500,1000,0.05,0,1277285874,0,0,0,0,0,0,0,500
6,higher_mode,0.08,100,0.5,100,100,200,full,0.001156501147902798,0.2313002295805596,2.7598108171422226,-7.020246696428145,1.7179969325430517,-4.0902042435208426,0.001,0.004,0.07,,500,1000,0.05,0,217368360,450,1,4,10,21,0,3,11
6,higher_mode,0.08,100,0.5,100,100,200,fundamental,3.68509858006405e-06,0.00073701971601281,1.0245259514764329,-2.887497053951714,1.0105647215377624,-0.8703353387379247,0.019,0.022,0.056,,500,1000,0.05,0,217368360,450,1,4,10,21,0,3,11
6,higher_mode,0.08,100,0.5,100,100,200,shared_orbit,-0.0007985605182583289,-0.15971210365166577,0.5890395578643306,-1.0203983545697695,0.9427351910129371,1.001971023263468,0.139,0.134,0.044,,500,1000,0.05,0,217368360,450,1,4,10,21,0,3,11
6,higher_mode,0.08,200,0.5,200,200,400,full,0.001156501147902798,0.4626004591611192,2.879398486022443,-8.633526978947783,1.9706182384062636,-5.718715579493551,0.001,0.004,0.07,,500,1000,0.05,0,1855587713,449,2,4,10,22,0,3,10
6,higher_mode,0.08,200,0.5,200,200,400,fundamental,3.68509858006405e-06,0.00147403943202562,0.9873931407644165,-3.617777045223675,1.0183914382612325,-1.6238404601546295,0.012,0.008,0.054,,500,1000,0.05,0,1855587713,449,2,4,10,22,0,3,10
6,higher_mode,0.08,200,0.5,200,200,400,shared_orbit,-0.0007985605182583289,-0.31942420730333154,0.49753250763839835,-1.1119054047957018,0.9895683802324651,0.8393343538175941,0.119,0.114,0.044,,500,1000,0.05,0,1855587713,449,2,4,10,22,0,3,10
6,higher_mode,0.08,400,0.5,400,400,800,full,0.001156501147902798,0.9252009183222384,3.4710145753035646,-9.774778841066528,2.0948831451490517,-7.470847844662742,0.0,0.002,0.128,,500,1000,0.05,0,49947195,413,4,4,15,49,2,2,11
6,higher_mode,0.08,400,0.5,400,400,800,fundamental,3.68509858006405e-06,0.00294807886405124,1.0621000845842368,-4.236217281963799,1.1009254168050961,-2.3617802324052546,0.005,0.01,0.064,,500,1000,0.05,0,49947195,413,4,4,15,49,2,2,11
6,higher_mode,0.08,400,0.5,400,400,800,shared_orbit,-0.0007985605182583289,-0.6388484146066631,0.3040746599341405,-1.3053632524999597,1.095367654363941,0.4866494591621404,0.095,0.104,0.064,,500,1000,0.05,0,49947195,413,4,4,15,49,2,2,11
6,higher_mode,0.08,800,0.5,800,800,1600,full,0.001156501147902798,1.8504018366444768,4.4142841449475485,-10.564377222822408,2.687784818728808,-9.005001280238256,0.0,0.008,0.234,,500,1000,0.05,0,1672541990,370,8,3,2,96,7,8,6
6,higher_mode,0.08,800,0.5,800,800,1600,fundamental,3.68509858006405e-06,0.00589615772810248,0.9980803345977938,-4.993384212510187,0.9951039992117019,-2.8037337702884466,0.002,0.002,0.038,,500,1000,0.05,0,1672541990,370,8,3,2,96,7,8,6
6,higher_mode,0.08,800,0.5,800,800,1600,shared_orbit,-0.0007985605182583289,-1.2776968292133262,-0.1381410839233813,-1.7475789963574813,1.202130887620463,0.4472294945855311,0.082,0.072,0.046,,500,1000,0.05,0,1672541990,370,8,3,2,96,7,8,6
6,higher_mode,0.08,1600,0.5,1600,1600,3200,full,0.001156501147902798,3.7008036732889535,6.325496256063158,-10.386033063106657,3.2870652794361153,-11.317377348021868,0.0,0.012,0.536,,500,1000,0.05,0,4112915624,225,4,1,2,228,13,13,14
6,higher_mode,0.08,1600,0.5,1600,1600,3200,fundamental,3.68509858006405e-06,0.01179231545620496,1.0456888402711684,-5.638922887396759,1.0270301718007597,-3.7543649771520915,0.002,0.002,0.06,,500,1000,0.05,0,4112915624,225,4,1,2,228,13,13,14
6,higher_mode,0.08,1600,0.5,1600,1600,3200,shared_orbit,-0.0007985605182583289,-2.5553936584266523,-0.918503452284318,-2.5279413647184183,1.6514817724635882,0.0661830235105072,0.055,0.068,0.066,,500,1000,0.05,0,4112915624,225,4,1,2,228,13,13,14
6,higher_mode,0.08,3200,0.5,3200,3200,6400,full,0.001156501147902798,7.401607346577907,9.817132775510505,-8.627264495059181,4.074906803568908,-12.568570089047434,0.0,0.034,0.83,,500,1000,0.05,0,375295328,84,0,0,1,377,9,15,14
6,higher_mode,0.08,3200,0.5,3200,3200,6400,fundamental,3.68509858006405e-06,0.02358463091240992,1.010119301206243,-6.367639607021633,1.0378070570785123,-4.448223393563708,0.0,0.002,0.06,,500,1000,0.05,0,375295328,84,0,0,1,377,9,15,14
6,higher_mode,0.08,3200,0.5,3200,3200,6400,shared_orbit,-0.0007985605182583289,-5.110787316853305,-2.9069300581991118,-4.516367970633214,2.30790836727476,-0.8334231002216483,0.026,0.036,0.048,,500,1000,0.05,0,375295328,84,0,0,1,377,9,15,14
6,higher_mode,0.12,100,0.5,100,100,200,full,0.002603461111593133,0.5206922223186266,3.122688134639694,-6.6573693789306745,1.9701944266471239,-3.919707568854305,0.004,0.008,0.104,,500,1000,0.05,0,1707434388,425,5,8,10,35,3,5,9
6,higher_mode,0.12,100,0.5,100,100,200,fundamental,1.8567134454139378e-05,0.0037134268908278756,1.0151991034112993,-2.8968239020168474,1.0094665194037336,-0.8982652808927236,0.023,0.022,0.064,,500,1000,0.05,0,1707434388,425,5,8,10,35,3,5,9
6,higher_mode,0.12,100,0.5,100,100,200,shared_orbit,-0.0017927159714599128,-0.35854319429198256,0.4514765054657024,-1.1579614069683977,0.9800983632041278,0.6823279068180341,0.102,0.124,0.054,,500,1000,0.05,0,1707434388,425,5,8,10,35,3,5,9
6,higher_mode,0.12,200,0.5,200,200,400,full,0.002603461111593133,1.041384444637253,3.6396553579809625,-7.8732701069892626,2.3257881797280064,-5.939560199951803,0.001,0.008,0.188,,500,1000,0.05,0,1760586158,388,11,3,4,74,2,9,9
6,higher_mode,0.12,200,0.5,200,200,400,fundamental,1.8567134454139378e-05,0.007426853781655751,1.0671529290572903,-3.5380172569308015,1.0483805690969974,-1.2992676966989807,0.017,0.008,0.05,,500,1000,0.05,0,1760586158,388,11,3,4,74,2,9,9
6,higher_mode,0.12,200,0.5,200,200,400,shared_orbit,-0.0017927159714599128,-0.7170863885839651,0.24137524245479358,-1.3680626699793066,1.0827720794417457,0.6280457786697753,0.105,0.094,0.052,,500,1000,0.05,0,1760586158,388,11,3,4,74,2,9,9
6,higher_mode,0.12,400,0.5,400,400,800,full,0.002603461111593133,2.082768889274506,4.484394774749882,-8.76139864162021,2.4901613326260876,-7.7215093307606395,0.0,0.004,0.288,,500,1000,0.05,0,94042155,352,2,1,1,107,6,13,18
6,higher_mode,0.12,400,0.5,400,400,800,fundamental,1.8567134454139378e-05,0.014853707563311502,1.066863744040455,-4.231453622507581,1.0370529818824243,-2.4896968336853034,0.003,0.006,0.066,,500,1000,0.05,0,94042155,352,2,1,1,107,6,13,18
6,higher_mode,0.12,400,0.5,400,400,800,shared_orbit,-0.0017927159714599128,-1.4341727771679302,-0.17440983265508975,-1.7838477450891896,1.3362576595002722,0.2909487100666184,0.068,0.08,0.054,,500,1000,0.05,0,94042155,352,2,1,1,107,6,13,18
6,higher_mode,0.12,800,0.5,800,800,1600,full,0.002603461111593133,4.165537778549012,6.6021095223350095,-8.376551845434946,3.325189867403382,-9.400232990397152,0.0,0.018,0.562,,500,1000,0.05,0,1858545945,217,0,1,1,249,6,19,7
6,higher_mode,0.12,800,0.5,800,800,1600,fundamental,1.8567134454139378e-05,0.029707415126623005,0.9898611781408717,-5.0016033689671096,0.9896906370764692,-3.197859283369227,0.003,0.004,0.056,,500,1000,0.05,0,1858545945,217,0,1,1,249,6,19,7
6,higher_mode,0.12,800,0.5,800,800,1600,shared_orbit,-0.0017927159714599128,-2.8683455543358605,-1.2585927523303062,-2.868030664764407,1.6806884104215478,-0.07042847569330202,0.047,0.026,0.028,,500,1000,0.05,0,1858545945,217,0,1,1,249,6,19,7
6,higher_mode,0.12,1600,0.5,1600,1600,3200,full,0.002603461111593133,8.331075557098025,10.841217156915183,-5.870312162254631,4.300143020110177,-11.357586334301008,0.0,0.09,0.918,,500,1000,0.05,0,3844031234,41,0,0,0,406,18,18,17
6,higher_mode,0.12,1600,0.5,1600,1600,3200,fundamental,1.8567134454139378e-05,0.05941483025324601,1.0556405527724602,-5.628971174895467,1.074244127356123,-3.7601464115111423,0.0,0.002,0.07,,500,1000,0.05,0,3844031234,41,0,0,0,406,18,18,17
6,higher_mode,0.12,1600,0.5,1600,1600,3200,shared_orbit,-0.0017927159714599128,-5.736691108671721,-3.3833108536909586,-4.99274876612506,2.4344942020302134,-1.061236847918576,0.015,0.028,0.07,,500,1000,0.05,0,3844031234,41,0,0,0,406,18,18,17
6,higher_mode,0.12,3200,0.5,3200,3200,6400,full,0.002603461111593133,16.66215111419605,19.188856997182942,0.7444597266132541,6.02833881676801,-12.915306321881225,0.0,0.534,0.994,,500,1000,0.05,0,3074331117,3,0,0,0,446,22,17,12
6,higher_mode,0.12,3200,0.5,3200,3200,6400,fundamental,1.8567134454139378e-05,0.11882966050649202,1.061338180332994,-6.316420727894881,1.120886480407328,-4.366300674592381,0.0,0.002,0.058,,500,1000,0.05,0,3074331117,3,0,0,0,446,22,17,12
6,higher_mode,0.12,3200,0.5,3200,3200,6400,shared_orbit,-0.0017927159714599128,-11.473382217343442,-8.171636521504963,-9.781074433939063,3.1597932856425626,-4.596180917577681,0.003,0.002,0.068,,500,1000,0.05,0,3074331117,3,0,0,0,446,22,17,12
6,higher_mode,0.18,100,0.5,100,100,200,full,0.0058638589250224775,1.1727717850044954,3.750157893734703,-6.029899619835666,2.249421620677239,-3.7578024145726925,0.001,0.016,0.148,,500,1000,0.05,0,3925973966,407,10,4,5,54,8,4,8
6,higher_mode,0.18,100,0.5,100,100,200,fundamental,9.299740476897966e-05,0.018599480953795933,1.0315646339811766,-2.88045837144697,1.0138073575547268,-0.6838933174317612,0.025,0.028,0.042,,500,1000,0.05,0,3925973966,407,10,4,5,54,8,4,8
6,higher_mode,0.18,100,0.5,100,100,200,shared_orbit,-0.004013164109938794,-0.8026328219877588,0.18284692724201296,-1.4265909851920868,1.1715000317568105,0.527422516632089,0.092,0.102,0.062,,500,1000,0.05,0,3925973966,407,10,4,5,54,8,4,8
6,higher_mode,0.18,200,0.5,200,200,400,full,0.0058638589250224775,2.345543570008991,4.855671465467353,-6.6572539995028714,2.7368405684394777,-5.844729855119272,0.001,0.024,0.328,,500,1000,0.05,0,879347744,330,1,3,2,126,11,13,14
6,higher_mode,0.18,200,0.5,200,200,400,fundamental,9.299740476897966e-05,0.037198961907591865,1.1243326700601082,-3.480837515927983,1.1850986885695396,-1.496714116044605,0.012,0.022,0.064,,500,1000,0.05,0,879347744,330,1,3,2,126,11,13,14
6,higher_mode,0.18,200,0.5,200,200,400,shared_orbit,-0.004013164109938794,-1.6052656439755175,-0.2101271952697282,-1.8195651077038284,1.445241496483078,0.16325242037537468,0.063,0.076,0.056,,500,1000,0.05,0,879347744,330,1,3,2,126,11,13,14
6,higher_mode,0.18,400,0.5,400,400,800,full,0.0058638589250224775,4.691087140017982,7.096866062460851,-6.14892735390924,3.3930797003216804,-7.639633832782195,0.0,0.048,0.624,,500,1000,0.05,0,300484428,174,7,5,2,281,6,14,11
6,higher_mode,0.18,400,0.5,400,400,800,fundamental,9.299740476897966e-05,0.07439792381518373,1.0838854470491528,-4.214431919498882,1.0267429610866037,-2.2980437210702176,0.006,0.004,0.064,,500,1000,0.05,0,300484428,174,7,5,2,281,6,14,11
6,higher_mode,0.18,400,0.5,400,400,800,shared_orbit,-0.004013164109938794,-3.210531287951035,-1.4557607465621705,-3.0651986589962705,1.7486055696484057,-0.09171574644171865,0.045,0.048,0.052,,500,1000,0.05,0,300484428,174,7,5,2,281,6,14,11
6,higher_mode,0.18,800,0.5,800,800,1600,full,0.0058638589250224775,9.382174280035963,12.130129702448382,-2.8485316653215706,4.7779320397991745,-9.347976071558358,0.0,0.252,0.94,,500,1000,0.05,0,3058822456,26,3,0,1,399,34,21,16
6,higher_mode,0.18,800,0.5,800,800,1600,fundamental,9.299740476897966e-05,0.14879584763036746,1.2007355785750269,-4.790728968532954,1.0977168243977984,-2.888642670915389,0.003,0.0,0.076,,500,1000,0.05,0,3058822456,26,3,0,1,399,34,21,16
6,higher_mode,0.18,800,0.5,800,800,1600,shared_orbit,-0.004013164109938794,-6.42106257590207,-3.840000699526218,-5.44943861196032,2.6393649108539208,-2.018705592380525,0.01,0.024,0.108,,500,1000,0.05,0,3058822456,26,3,0,1,399,34,21,16
6,higher_mode,0.18,1600,0.5,1600,1600,3200,full,0.0058638589250224775,18.764348560071927,21.08025720365664,4.368727884486822,5.992587347378289,-11.2683454511041,0.0,0.78,1.0,,500,1000,0.05,0,2619911505,0,0,0,0,410,30,35,25
6,higher_mode,0.18,1600,0.5,1600,1600,3200,fundamental,9.299740476897966e-05,0.2975916952607349,1.2853254555024087,-5.399286272165519,1.323334940804943,-3.876538206998431,0.001,0.004,0.12,,500,1000,0.05,0,2619911505,0,0,0,0,410,30,35,25
6,higher_mode,0.18,1600,0.5,1600,1600,3200,shared_orbit,-0.004013164109938794,-12.84212515180414,-9.296093801634367,-10.905531714068466,3.487404558699656,-6.426844417033704,0.001,0.0,0.11,,500,1000,0.05,0,2619911505,0,0,0,0,410,30,35,25
6,higher_mode,0.18,3200,0.5,3200,3200,6400,full,0.0058638589250224775,37.52869712014385,40.19805195488638,21.753654684316697,8.626218051086015,-13.134733106314606,0.0,0.998,1.0,,500,1000,0.05,0,506245756,0,0,0,0,373,51,40,36
6,higher_mode,0.18,3200,0.5,3200,3200,6400,fundamental,9.299740476897966e-05,0.5951833905214698,1.672407236397201,-5.705351671830675,1.638608416492633,-4.332587616489505,0.001,0.014,0.152,,500,1000,0.05,0,506245756,0,0,0,0,373,51,40,36
6,higher_mode,0.18,3200,0.5,3200,3200,6400,shared_orbit,-0.004013164109938794,-25.68425030360828,-20.22815542220918,-21.837593334643273,5.009689904510079,-16.730364834946908,0.0,0.0,0.174,,500,1000,0.05,0,506245756,0,0,0,0,373,51,40,36
6,higher_mode,0.25,100,0.5,100,100,200,full,0.011327133309330845,2.265426661866169,4.871129116361218,-4.9089283972091495,2.6396082765035724,-4.043399964224845,0.002,0.06,0.334,,500,1000,0.05,0,2876616199,319,5,3,6,137,10,8,12
6,higher_mode,0.25,100,0.5,100,100,200,fundamental,0.0003399658306963982,0.06799316613927964,1.043817984030185,-2.8682050213979617,1.0074460799291425,-1.0733394798582134,0.019,0.022,0.058,,500,1000,0.05,0,2876616199,319,5,3,6,137,10,8,12
6,higher_mode,0.25,100,0.5,100,100,200,shared_orbit,-0.0076756913924378445,-1.535138278487569,-0.2626819912831467,-1.8721199037172467,1.3421741870769444,0.23028776330481837,0.072,0.09,0.066,,500,1000,0.05,0,2876616199,319,5,3,6,137,10,8,12
6,higher_mode,0.25,200,0.5,200,200,400,full,0.011327133309330845,4.530853323732338,7.047122771237046,-4.465802693733179,3.4566826108064457,-6.040637965472843,0.001,0.114,0.634,,500,1000,0.05,0,328144594,176,4,1,2,267,11,20,19
6,higher_mode,0.25,200,0.5,200,200,400,fundamental,0.0003399658306963982,0.13598633227855927,1.116666669620476,-3.488503516367616,1.1331777438776562,-1.641679068651361,0.014,0.016,0.084,,500,1000,0.05,0,328144594,176,4,1,2,267,11,20,19
6,higher_mode,0.25,200,0.5,200,200,400,shared_orbit,-0.0076756913924378445,-3.070276556975138,-1.3004087911995754,-2.909846703633676,1.8105615207602854,-0.2969447266045335,0.036,0.058,0.072,,500,1000,0.05,0,328144594,176,4,1,2,267,11,20,19
6,higher_mode,0.25,400,0.5,400,400,800,full,0.011327133309330845,9.061706647464677,11.211556649913826,-2.034236766456264,4.23022692337204,-7.575147904836015,0.0,0.272,0.928,,500,1000,0.05,0,502237780,36,0,0,0,405,15,22,22
6,higher_mode,0.25,400,0.5,400,400,800,fundamental,0.0003399658306963982,0.27197266455711855,1.2041750568544993,-4.094142309693536,1.2513969518692378,-2.2864060450002226,0.009,0.016,0.088,,500,1000,0.05,0,502237780,36,0,0,0,405,15,22,22
6,higher_mode,0.25,400,0.5,400,400,800,shared_orbit,-0.0076756913924378445,-6.140553113950276,-3.7966659106481355,-5.406103823082238,2.416459687713257,-1.9475888250454545,0.015,0.014,0.074,,500,1000,0.05,0,502237780,36,0,0,0,405,15,22,22
6,higher_mode,0.25,800,0.5,800,800,1600,full,0.011327133309330845,18.123413294929353,20.694953755880082,5.716292388110126,5.906041063341192,-9.606003411812006,0.0,0.826,0.998,,500,1000,0.05,0,3501703591,1,0,0,0,379,41,44,35
6,higher_mode,0.25,800,0.5,800,800,1600,fundamental,0.0003399658306963982,0.5439453291142371,1.5842753879301672,-4.407189159177814,1.4635231117565428,-2.954367113436448,0.006,0.018,0.158,,500,1000,0.05,0,3501703591,1,0,0,0,379,41,44,35
6,higher_mode,0.25,800,0.5,800,800,1600,shared_orbit,-0.0076756913924378445,-12.281106227900551,-8.869694191336789,-10.47913210377089,3.7047387466383066,-6.822877844495292,0.0,0.004,0.152,,500,1000,0.05,0,3501703591,1,0,0,0,379,41,44,35
6,higher_mode,0.25,1600,0.5,1600,1600,3200,full,0.011327133309330845,36.246826589858706,38.99066600435475,22.279136685184938,8.622425896735983,-11.29721926082016,0.0,1.0,1.0,,500,1000,0.05,0,1535427596,0,0,0,0,313,72,74,41
6,higher_mode,0.25,1600,0.5,1600,1600,3200,fundamental,0.0003399658306963982,1.0878906582284742,2.0075468320064864,-4.677064895661441,1.7273274216093835,-3.6540882097494443,0.0,0.02,0.23,,500,1000,0.05,0,1535427596,0,0,0,0,313,72,74,41
6,higher_mode,0.25,1600,0.5,1600,1600,3200,shared_orbit,-0.0076756913924378445,-24.562212455801102,-19.858962685089615,-21.46840059752371,4.8707846435712785,-17.969133551771687,0.0,0.0,0.226,,500,1000,0.05,0,1535427596,0,0,0,0,313,72,74,41
6,higher_mode,0.25,3200,0.5,3200,3200,6400,full,0.011327133309330845,72.49365317971741,74.56853811424982,56.12414084368013,12.312977962351708,-12.94108990773865,0.0,1.0,1.0,,500,1000,0.05,0,358855647,0,0,0,0,184,71,135,110
6,higher_mode,0.25,3200,0.5,3200,3200,6400,fundamental,0.0003399658306963982,2.1757813164569484,3.304129520212988,-4.073629388014888,2.3668160585816653,-4.518484448055929,0.0,0.07,0.49,,500,1000,0.05,0,358855647,0,0,0,0,184,71,135,110
6,higher_mode,0.25,3200,0.5,3200,3200,6400,shared_orbit,-0.0076756913924378445,-49.124424911602205,-42.02402711695579,-43.633465029389896,6.965650292121583,-41.65367686959219,0.0,0.0,0.362,,500,1000,0.05,0,358855647,0,0,0,0,184,71,135,110
6,independent_fundamental,0.08,100,0.5,100,100,200,full,0.00034272068348034125,0.06854413669606825,2.5327116981437814,-7.247345815426587,1.538630855499423,-4.417075713292176,0.002,0.002,0.06,,500,1000,0.05,0,3488498182,449,8,3,10,16,0,2,12
6,independent_fundamental,0.08,100,0.5,100,100,200,fundamental,0.0003427500533561556,0.06855001067123112,1.0594377031288678,-2.8525853022992798,1.0350558570172883,-1.076412427979471,0.012,0.024,0.054,,500,1000,0.05,0,3488498182,449,8,3,10,16,0,2,12
6,independent_fundamental,0.08,100,0.5,100,100,200,shared_orbit,0.0002165995855794023,0.04331991711588046,0.7033785095461426,-0.9060594028879576,0.95569690888659,0.8297446888915261,0.122,0.152,0.06,,500,1000,0.05,0,3488498182,449,8,3,10,16,0,2,12
6,independent_fundamental,0.08,200,0.5,200,200,400,full,0.00034272068348034125,0.1370882733921365,2.6987847280570287,-8.814140736913195,1.7422916489680031,-5.646170236066656,0.0,0.0,0.062,,500,1000,0.05,0,1125539864,444,4,5,16,13,2,2,14
6,independent_fundamental,0.08,200,0.5,200,200,400,fundamental,0.0003427500533561556,0.13710002134246224,1.2418296806739295,-3.363340505314162,1.2034694229994305,-1.501423324187404,0.01,0.026,0.074,,500,1000,0.05,0,1125539864,444,4,5,16,13,2,2,14
6,independent_fundamental,0.08,200,0.5,200,200,400,shared_orbit,0.0002165995855794023,0.08663983423176091,0.8079664861748331,-0.8014714262592672,1.127773671501215,0.9919003921588001,0.117,0.176,0.072,,500,1000,0.05,0,1125539864,444,4,5,16,13,2,2,14
6,independent_fundamental,0.08,400,0.5,400,400,800,full,0.00034272068348034125,0.274176546784273,2.7572363977877448,-10.488557018582345,1.686062743470856,-7.762882509177146,0.0,0.0,0.08,,500,1000,0.05,0,3329998159,417,16,11,16,14,1,3,22
6,independent_fundamental,0.08,400,0.5,400,400,800,fundamental,0.0003427500533561556,0.2742000426849245,1.2791413181682925,-4.019176048379744,1.2365528805500852,-2.4490198787983273,0.003,0.012,0.104,,500,1000,0.05,0,3329998159,417,16,11,16,14,1,3,22
6,independent_fundamental,0.08,400,0.5,400,400,800,shared_orbit,0.0002165995855794023,0.17327966846352183,0.6763415710827084,-0.9330963413513916,1.1861654050157935,0.3645003590615261,0.083,0.162,0.11,,500,1000,0.05,0,3329998159,417,16,11,16,14,1,3,22
6,independent_fundamental,0.08,800,0.5,800,800,1600,full,0.00034272068348034125,0.548353093568546,3.1373004255547303,-11.841360942215225,2.0085932881528366,-9.300485479581974,0.0,0.002,0.106,,500,1000,0.05,0,3842654070,396,18,5,28,14,1,3,35
6,independent_fundamental,0.08,800,0.5,800,800,1600,fundamental,0.0003427500533561556,0.548400085369849,1.6186358047112,-4.3728287423967815,1.5692660278936015,-2.7173572279206306,0.005,0.018,0.142,,500,1000,0.05,0,3842654070,396,18,5,28,14,1,3,35
6,independent_fundamental,0.08,800,0.5,800,800,1600,shared_orbit,0.0002165995855794023,0.34655933692704366,0.7815355935968555,-0.8279023188372447,1.6478467245048063,0.40678868017873815,0.079,0.208,0.164,,500,1000,0.05,0,3842654070,396,18,5,28,14,1,3,35
6,independent_fundamental,0.08,1600,0.5,1600,1600,3200,full,0.00034272068348034125,1.096706187137092,3.625903481256064,-13.085625837913751,2.1484797694854056,-11.283447088983625,0.0,0.0,0.2,,500,1000,0.05,0,2743697600,311,26,22,41,17,5,17,61
6,independent_fundamental,0.08,1600,0.5,1600,1600,3200,fundamental,0.0003427500533561556,1.096800170739698,2.1451931724553615,-4.539418555212565,1.8016764329847335,-3.7184207077068105,0.0,0.03,0.282,,500,1000,0.05,0,2743697600,311,26,22,41,17,5,17,61
6,independent_fundamental,0.08,1600,0.5,1600,1600,3200,shared_orbit,0.0002165995855794023,0.6931186738540873,0.859381033356849,-0.7500568790772512,2.0085954192756055,0.394900008577838,0.061,0.312,0.266,,500,1000,0.05,0,2743697600,311,26,22,41,17,5,17,61
6,independent_fundamental,0.08,3200,0.5,3200,3200,6400,full,0.00034272068348034125,2.193412374274184,4.659454831183258,-13.784942439386425,2.739606317696114,-12.897487135206838,0.0,0.0,0.304,,500,1000,0.05,0,1017965841,197,95,6,50,11,7,6,128
6,independent_fundamental,0.08,3200,0.5,3200,3200,6400,fundamental,0.0003427500533561556,2.193600341479396,3.1059332656941114,-4.271825642533764,2.414959704160447,-4.089385620457065,0.0,0.066,0.38,,500,1000,0.05,0,1017965841,197,95,6,50,11,7,6,128
6,independent_fundamental,0.08,3200,0.5,3200,3200,6400,shared_orbit,0.0002165995855794023,1.3862373477081746,1.3570604896032346,-0.2523774228308657,2.8526616384406043,-0.7793717731681908,0.03,0.43,0.56,,500,1000,0.05,0,1017965841,197,95,6,50,11,7,6,128
6,independent_fundamental,0.12,100,0.5,100,100,200,full,0.000769377562837778,0.1538755125675556,2.714309243195199,-7.0657482703751695,1.6401403792715317,-3.8040863200913275,0.005,0.002,0.036,,500,1000,0.05,0,619679751,431,19,7,25,7,0,2,9
6,independent_fundamental,0.12,100,0.5,100,100,200,fundamental,0.0007695256094282232,0.15390512188564465,1.2175279306376015,-2.6944950747905456,1.1475010297484642,-0.877304772482284,0.023,0.034,0.086,,500,1000,0.05,0,619679751,431,19,7,25,7,0,2,9
6,independent_fundamental,0.12,100,0.5,100,100,200,shared_orbit,0.0004865408725889253,0.09730817451778506,0.7775933370027095,-0.8318445754313907,1.10843837758621,0.6156716089915222,0.117,0.198,0.106,,500,1000,0.05,0,619679751,431,19,7,25,7,0,2,9
6,independent_fundamental,0.12,200,0.5,200,200,400,full,0.000769377562837778,0.3077510251351112,2.865010182185862,-8.647915282784362,1.9112147433085798,-5.970284925820625,0.0,0.0,0.098,,500,1000,0.05,0,593461268,406,11,12,22,19,3,2,25
6,independent_fundamental,0.12,200,0.5,200,200,400,fundamental,0.0007695256094282232,0.3078102437712893,1.3216367491980907,-3.2835334367900004,1.3143478697955888,-1.8160920366904252,0.007,0.03,0.122,,500,1000,0.05,0,593461268,406,11,12,22,19,3,2,25
6,independent_fundamental,0.12,200,0.5,200,200,400,shared_orbit,0.0004865408725889253,0.19461634903557012,0.762456403536974,-0.8469815088971263,1.265674102818085,0.5643324413340907,0.094,0.17,0.122,,500,1000,0.05,0,593461268,406,11,12,22,19,3,2,25
6,independent_fundamental,0.12,400,0.5,400,400,800,full,0.000769377562837778,0.6155020502702224,3.2451928810570227,-10.000600535313067,2.0352980462885566,-7.595960698210277,0.0,0.002,0.098,,500,1000,0.05,0,2431312108,381,26,13,31,6,4,4,35
6,independent_fundamental,0.12,400,0.5,400,400,800,fundamental,0.0007695256094282232,0.6156204875425786,1.6976470278383986,-3.6006703387096373,1.6334826814170995,-2.3340846096706,0.005,0.038,0.166,,500,1000,0.05,0,2431312108,381,26,13,31,6,4,4,35
6,independent_fundamental,0.12,400,0.5,400,400,800,shared_orbit,0.0004865408725889253,0.38923269807114025,0.7840988092046305,-0.8253391032294697,1.7011819826738055,0.3523228425121261,0.072,0.254,0.192,,500,1000,0.05,0,2431312108,381,26,13,31,6,4,4,35
6,independent_fundamental,0.12,800,0.5,800,800,1600,full,0.000769377562837778,1.2310041005404448,3.6751764771867057,-11.303484890583247,2.1839248245629195,-9.76017825609845,0.0,0.0,0.214,,500,1000,0.05,0,2967613069,322,24,11,36,23,3,14,67
6,independent_fundamental,0.12,800,0.5,800,800,1600,fundamental,0.0007695256094282232,1.2312409750851572,2.1820969844682585,-3.8093675626397236,1.8223920737183819,-2.9110147111636175,0.0,0.042,0.256,,500,1000,0.05,0,2967613069,322,24,11,36,23,3,14,67
6,independent_fundamental,0.12,800,0.5,800,800,1600,shared_orbit,0.0004865408725889253,0.7784653961422805,0.8707958899165779,-0.7386420225175225,1.9843173009077189,0.40157851570772896,0.069,0.316,0.26,,500,1000,0.05,0,2967613069,322,24,11,36,23,3,14,67
6,independent_fundamental,0.12,1600,0.5,1600,1600,3200,full,0.000769377562837778,2.4620082010808897,4.9834845404154855,-11.72804477875433,2.764306079593521,-11.279407814704204,0.0,0.002,0.36,,500,1000,0.05,0,2213274859,185,56,17,62,7,11,8,154
6,independent_fundamental,0.12,1600,0.5,1600,1600,3200,fundamental,0.0007695256094282232,2.4624819501703143,3.4250039331552053,-3.2596077945127218,2.4389531142403493,-3.6746508512039338,0.001,0.098,0.482,,500,1000,0.05,0,2213274859,185,56,17,62,7,11,8,154
6,independent_fundamental,0.12,1600,0.5,1600,1600,3200,shared_orbit,0.0004865408725889253,1.556930792284561,1.5550679282132605,-0.05436998422083976,2.9078780292900195,-0.7863312060570251,0.028,0.482,0.566,,500,1000,0.05,0,2213274859,185,56,17,62,7,11,8,154
6,independent_fundamental,0.12,3200,0.5,3200,3200,6400,full,0.000769377562837778,4.924016402161779,7.225581786244431,-11.218815484325253,3.3588588507478057,-12.874313754196272,0.0,0.006,0.666,,500,1000,0.05,0,1686755307,30,69,6,62,1,4,2,326
6,independent_fundamental,0.12,3200,0.5,3200,3200,6400,fundamental,0.0007695256094282232,4.924963900340629,5.808541882367936,-1.5692170258599394,3.158595845557903,-4.342032098670202,0.001,0.286,0.792,,500,1000,0.05,0,1686755307,30,69,6,62,1,4,2,326
6,independent_fundamental,0.12,3200,0.5,3200,3200,6400,shared_orbit,0.0004865408725889253,3.113861584569122,2.956542394591208,1.3471044821571077,4.106790185027664,-4.211253674350542,0.008,0.612,0.922,,500,1000,0.05,0,1686755307,30,69,6,62,1,4,2,326
6,independent_fundamental,0.18,100,0.5,100,100,200,full,0.0017223474972642627,0.34446949945285255,2.890027244055589,-6.890030269514781,1.679537052256348,-4.142546255641177,0.001,0.002,0.06,,500,1000,0.05,0,3483042093,425,16,10,19,15,1,2,12
6,independent_fundamental,0.18,100,0.5,100,100,200,fundamental,0.0017230897730997619,0.34461795461995237,1.3203474828385828,-2.591675522589564,1.1816673822149815,-0.8589614379813719,0.023,0.04,0.086,,500,1000,0.05,0,3483042093,425,16,10,19,15,1,2,12
6,independent_fundamental,0.18,100,0.5,100,100,200,shared_orbit,0.0010906532097334498,0.21813064194668996,0.6749108060405669,-0.9345271063935333,1.1788335734495963,0.6992056145282846,0.109,0.19,0.096,,500,1000,0.05,0,3483042093,425,16,10,19,15,1,2,12
6,independent_fundamental,0.18,200,0.5,200,200,400,full,0.0017223474972642627,0.6889389989057051,3.3668654453704545,-8.14606001959977,2.0952218451046347,-6.16677405754324,0.0,0.006,0.154,,500,1000,0.05,0,2615096968,345,33,12,33,20,4,6,47
6,independent_fundamental,0.18,200,0.5,200,200,400,fundamental,0.0017230897730997619,0.6892359092399047,1.7732727095900296,-2.831897476398062,1.6674916067826289,-1.759468560135379,0.011,0.052,0.196,,500,1000,0.05,0,2615096968,345,33,12,33,20,4,6,47
6,independent_fundamental,0.18,200,0.5,200,200,400,shared_orbit,0.0010906532097334498,0.4362612838933799,0.8548174433824668,-0.7546204690516335,1.7128911405830085,0.1500510296363473,0.062,0.25,0.234,,500,1000,0.05,0,2615096968,345,33,12,33,20,4,6,47
6,independent_fundamental,0.18,400,0.5,400,400,800,full,0.0017223474972642627,1.3778779978114102,3.868258080313467,-9.377535336056626,2.2813958723152306,-7.971561367912912,0.0,0.002,0.246,,500,1000,0.05,0,3640325923,289,29,19,40,23,5,17,78
6,independent_fundamental,0.18,400,0.5,400,400,800,fundamental,0.0017230897730997619,1.3784718184798095,2.312230026945281,-2.986087339602755,1.9195157427446352,-2.4472126901394686,0.004,0.08,0.308,,500,1000,0.05,0,3640325923,289,29,19,40,23,5,17,78
6,independent_fundamental,0.18,400,0.5,400,400,800,shared_orbit,0.0010906532097334498,0.8725225677867599,0.928536192863789,-0.6809017195703113,2.251674798350189,0.20577087265876348,0.054,0.346,0.304,,500,1000,0.05,0,3640325923,289,29,19,40,23,5,17,78
6,independent_fundamental,0.18,800,0.5,800,800,1600,full,0.0017223474972642627,2.7557559956228204,5.254478186933306,-9.724183180836649,2.8750917710191928,-9.455022567351742,0.0,0.008,0.4,,500,1000,0.05,0,2006688504,146,67,15,72,6,7,14,173
6,independent_fundamental,0.18,800,0.5,800,800,1600,fundamental,0.0017230897730997619,2.756943636959619,3.719881570165933,-2.2715829769420486,2.5033276153380637,-2.9951290356024325,0.003,0.17,0.548,,500,1000,0.05,0,2006688504,146,67,15,72,6,7,14,173
6,independent_fundamental,0.18,800,0.5,800,800,1600,shared_orbit,0.0010906532097334498,1.7450451355735197,1.6741979007258805,0.06475998829178022,3.1231680138909526,-1.0380614483540966,0.023,0.492,0.638,,500,1000,0.05,0,2006688504,146,67,15,72,6,7,14,173
6,independent_fundamental,0.18,1600,0.5,1600,1600,3200,full,0.0017223474972642627,5.511511991245641,7.938021651786297,-8.773507667383518,3.912961958784056,-10.890120462641566,0.0,0.018,0.676,,500,1000,0.05,0,1844510897,25,57,2,78,0,5,3,330
6,independent_fundamental,0.18,1600,0.5,1600,1600,3200,fundamental,0.0017230897730997619,5.513887273919238,6.412461161902724,-0.2721505657652026,3.6067999563479587,-3.7244385641813107,0.001,0.412,0.826,,500,1000,0.05,0,1844510897,25,57,2,78,0,5,3,330
6,independent_fundamental,0.18,1600,0.5,1600,1600,3200,shared_orbit,0.0010906532097334498,3.4900902711470394,3.2746215224493627,1.6651836100152624,4.54900680510304,-5.015293661859528,0.003,0.638,0.94,,500,1000,0.05,0,1844510897,25,57,2,78,0,5,3,330
6,independent_fundamental,0.18,3200,0.5,3200,3200,6400,full,0.0017223474972642627,11.023023982491281,13.531867605422187,-4.9125296651475,4.854546231354066,-12.963232030285589,0.0,0.158,0.97,,500,1000,0.05,0,3669986708,0,4,0,11,0,0,0,485
6,independent_fundamental,0.18,3200,0.5,3200,3200,6400,fundamental,0.0017230897730997619,11.027774547838476,12.082117975270965,4.7043590670430895,4.80934308028214,-4.499527694170425,0.0,0.83,0.992,,500,1000,0.05,0,3669986708,0,4,0,11,0,0,0,485
6,independent_fundamental,0.18,3200,0.5,3200,3200,6400,shared_orbit,0.0010906532097334498,6.980180542294079,7.039620347895405,5.430182435461304,6.180426682427354,-14.146271112606723,0.0,0.812,1.0,,500,1000,0.05,0,3669986708,0,4,0,11,0,0,0,485
6,independent_fundamental,0.25,100,0.5,100,100,200,full,0.003294648339368409,0.6589296678736818,3.203560715490422,-6.576496798079947,1.924971015937789,-4.135191676718163,0.002,0.004,0.112,,500,1000,0.05,0,2244023401,377,27,8,32,17,4,3,32
6,independent_fundamental,0.25,100,0.5,100,100,200,fundamental,0.003297366250812672,0.6594732501625344,1.6297569832740066,-2.28226602215414,1.419950845960708,-0.8578642203711064,0.019,0.084,0.15,,500,1000,0.05,0,2244023401,377,27,8,32,17,4,3,32
6,independent_fundamental,0.25,100,0.5,100,100,200,shared_orbit,0.002090937983229235,0.41818759664584704,0.7075211397603648,-0.9019167726737353,1.5374812296732894,0.36225236612777967,0.081,0.232,0.19,,500,1000,0.05,0,2244023401,377,27,8,32,17,4,3,32
6,independent_fundamental,0.25,200,0.5,200,200,400,full,0.003294648339368409,1.3178593357473636,3.9583348520137736,-7.554590612956452,2.40180471096652,-5.908694970725879,0.0,0.01,0.216,,500,1000,0.05,0,192431551,302,42,8,40,19,10,7,72
6,independent_fundamental,0.25,200,0.5,200,200,400,fundamental,0.003297366250812672,1.3189465003250689,2.375826892527368,-2.2293432934607234,1.905231065525081,-1.4361486098507799,0.011,0.13,0.254,,500,1000,0.05,0,192431551,302,42,8,40,19,10,7,72
6,independent_fundamental,0.25,200,0.5,200,200,400,shared_orbit,0.002090937983229235,0.8363751932916941,1.1027109512931002,-0.5067269611410001,2.197114822413816,0.32581092410923707,0.067,0.392,0.328,,500,1000,0.05,0,192431551,302,42,8,40,19,10,7,72
6,independent_fundamental,0.25,400,0.5,400,400,800,full,0.003294648339368409,2.635718671494727,5.042458835578104,-8.203334580791987,2.6262126150693685,-7.7819173660834196,0.0,0.004,0.382,,500,1000,0.05,0,2085132578,139,64,19,87,10,12,10,159
6,independent_fundamental,0.25,400,0.5,400,400,800,fundamental,0.003297366250812672,2.6378930006501378,3.4876080694147205,-1.8107092971333163,2.3179605326418606,-2.489352255499017,0.001,0.194,0.55,,500,1000,0.05,0,2085132578,139,64,19,87,10,12,10,159
6,independent_fundamental,0.25,400,0.5,400,400,800,shared_orbit,0.002090937983229235,1.6727503865833881,1.5713876707324426,-0.038050241701657765,3.017362962945968,-1.1947294539134645,0.026,0.502,0.644,,500,1000,0.05,0,2085132578,139,64,19,87,10,12,10,159
6,independent_fundamental,0.25,800,0.5,800,800,1600,full,0.003294648339368409,5.271437342989454,7.7441178361855645,-7.23454353158439,3.701222311307714,-9.427027134695644,0.0,0.036,0.714,,500,1000,0.05,0,2849229044,25,57,4,57,1,9,2,345
6,independent_fundamental,0.25,800,0.5,800,800,1600,fundamental,0.003297366250812672,5.2757860013002755,6.263998302548181,0.27253375544020003,3.432093802248629,-3.0351743617119533,0.0,0.514,0.816,,500,1000,0.05,0,2849229044,25,57,4,57,1,9,2,345
6,independent_fundamental,0.25,800,0.5,800,800,1600,shared_orbit,0.002090937983229235,3.3455007731667763,3.39006984966701,1.7806319372329098,4.443951345700004,-4.655422492228195,0.001,0.656,0.936,,500,1000,0.05,0,2849229044,25,57,4,57,1,9,2,345
6,independent_fundamental,0.25,1600,0.5,1600,1600,3200,full,0.003294648339368409,10.542874685978909,13.198917162422442,-3.5126121567473736,5.212401425736041,-11.167490477716232,0.0,0.226,0.962,,500,1000,0.05,0,953618304,1,4,0,14,0,1,0,480
6,independent_fundamental,0.25,1600,0.5,1600,1600,3200,fundamental,0.003297366250812672,10.551572002600551,11.722174474879978,5.037562747212051,4.99946251303231,-3.946911257675948,0.0,0.854,0.988,,500,1000,0.05,0,953618304,1,4,0,14,0,1,0,480
6,independent_fundamental,0.25,1600,0.5,1600,1600,3200,shared_orbit,0.002090937983229235,6.691001546333553,6.912367664338155,5.3029297519040535,6.4540136956698495,-12.796531483879175,0.0,0.798,0.998,,500,1000,0.05,0,953618304,1,4,0,14,0,1,0,480
6,independent_fundamental,0.25,3200,0.5,3200,3200,6400,full,0.003294648339368409,21.085749371957817,23.64941741589234,5.205020145322655,6.724724268789815,-12.700580542293473,0.0,0.776,1.0,,500,1000,0.05,0,909891361,0,0,0,0,0,0,0,500
6,independent_fundamental,0.25,3200,0.5,3200,3200,6400,fundamental,0.003297366250812672,21.103144005201102,22.125077248708592,14.74731834048072,6.616555793257106,-4.25412413284586,0.0,0.998,1.0,,500,1000,0.05,0,909891361,0,0,0,0,0,0,0,500
6,independent_fundamental,0.25,3200,0.5,3200,3200,6400,shared_orbit,0.002090937983229235,13.382003092667105,13.37490643166575,11.76546851923165,8.738847419739601,-31.576056306955092,0.0,0.908,1.0,,500,1000,0.05,0,909891361,0,0,0,0,0,0,0,500
